host_species,new_taxa_name,n_occur,contrast_log2FC,original_taxa_name
A_concolor,Proteobacteria; Chromohalobacter,2,Coiba_non_upwelling vs Coiba_upwelling -7.64873419787342 ; Las_Perlas_upwelling vs Coiba_upwelling -7.63011610329943,TACGGAGGGTGCAAGCGTTAATCGGAATTACTGGGCGTAAAGCGCGCGTAGGCGGCTTGTCACGCCGGGTGTGAAAGCCCCGGGCTCAACCTGGGAACGGCATCCGGAACGGGCAGGCTAGAGTGCAGGAGAGGAAGGTAGAATTCCCGGTGTAGCGGTGAAATGCGTAGAGATCGGGAGGAATACCAGTGGCGAAGGCGGCCTTCTGGACTGACACTGACGCTGAGGTGCGAAAGCGTGGGTAGCAAACAGG
A_concolor,Proteobacteria; Candidatus Branchiomonas.3,2,Coiba_non_upwelling vs Coiba_upwelling -15.6135775560268 ; Las_Perlas_non_upwelling vs Coiba_non_upwelling 23.1655309297663,TACGTAGGGTGCAAGCGTTAATCGGAATTATTGGGCGTAAAGGGTGCGTAGGCGGATATATGAGCTTGATGTGAAAGCCCTGGGCTTAACCCAGGAATGGCATTAAGAACGGTATATCTAGAGTTCGGTAGAGGGGGGTAGAATTCCATGTGTAGCAGTGAAATGCGTAGATATATGGAGGAATACCGATGGCGAAGGCAGCCCCCTGGCCCGACACTGACGCTGAGGCACGAAAGCGTGGGGAGCAAACAGG
A_concolor,Proteobacteria; Vibrio.14,1,Las_Perlas_non_upwelling vs Coiba_non_upwelling 5.25808053073788,TACGGAGGGTGCGAGCGTTAATCGGAATTACTGGGCGTAAAGCGCATGCAGGTGGTTTGTTAAGTCAGATGTGAAAGCCCGGGGCTCAACCTCGGAATAGCATTTGAAACTGGCAGACTAGAGTACTGTAGAGGGGGGTAGAATTTCAGGTGTAGCGGTGAAATGCGTAGAGATCTGAAGGAATACCGGTGGCGAAGGCGGCCCCCTGGACAGATACTGACACTCAGATGCGAAAGCGTGGGGAGCAAACAGG
A_concolor,Proteobacteria; Vibrio.24,2,Las_Perlas_non_upwelling vs Las_Perlas_upwelling -26.0527957463182 ; Las_Perlas_upwelling vs Coiba_upwelling 25.6972868050012,TACGGAGGGTGCGAGCGTTAATCGGAATTACTGGGCGTAAAGCGCATGCAGGTGGTTTGTTAAGTCAGATGTGAAAGCCCGGGGCTCAACCTCGGAACTGCATTTGAAACTGGCAAACTAGAGTACTGTAGAGGGGGGTAGAATTTCAGGTGTAGCGGTGAAATGCGTAGAGATCTGAAGGAATACCAGTGGCGAAGGCGGCCCCCTGGACAGATACTGACACTCAGATGCGAAAGCGTGGGGAGCAAACAGG
A_concolor,Proteobacteria; Vibrio.38,2,Las_Perlas_non_upwelling vs Coiba_non_upwelling 23.2625320352027 ; Las_Perlas_upwelling vs Coiba_upwelling 29.4300110452417,TACGGAGGGTGCGAGCGTTAATCGGAATTACTGGGCGTAAAGCGCATGCAGGTGGTTAGTTAAGTCAGATGTGAAAGCCCAAGGCTCAACCTTGGAATTGCATTTGAAACTGGCTGGCTAGAGTGCTGTAGAGGGGGGTAGAATTTCAGGTGTAGCGGTGAAATGCGTAGAGATCTGAAGGAATACCAGTGGCGAAGGCGGCCCCCTGGACAGACACTGACACTCAGATGCGAAAGCGTGGGGAGCAAACAGG
A_concolor,Proteobacteria; Ferrimonas,2,Las_Perlas_non_upwelling vs Coiba_non_upwelling -17.8942728734845 ; Las_Perlas_non_upwelling vs Las_Perlas_upwelling -25.1471813059964,TACGGAGGGTGCAAGCGTTAATCGGAATTACTGGGCGTAAAGCGCATGCAGGCGGTCTGGTCAGTCAGATGTGAAAGCCCCGGGCTTAACCTGGGAATTGCATTTGATACTGCCAGACTAGAGTCCTTGAGAGGGGGGTAGAATTTCAGGTGTAGCGGTGAAATGCGTAGAGATCTGAAGGAATACCAGTGGCGAAGGCGGCCCCCTGGCAAGAGACTGACGCTCAGATGCGAAAGCGTGGGGAGCAAACAGG
A_concolor,Proteobacteria; OM60(NOR5) clade.12,2,Las_Perlas_non_upwelling vs Coiba_non_upwelling -22.4390203910479 ; Las_Perlas_non_upwelling vs Las_Perlas_upwelling -21.7213511414776,TACGGAGGGTGCAAGCGTTAATCGGAATTACTGGGCGTAAAGCGCGCGTAGGCGGTTTTTTAAGTCGGATGTGAAAGCCCCGGGCTCAACCTGGGAACTGCATCCGATACTGGATAACTAGAATGCGGGAGAGGGAGGTAGAATTCCATGTGTAGCAGTGAAATGCGTAGATATATGGAGGAATACCAGTGGCGAAGGCGGCCTCCTGGCTCGACATTGACGCTGAGGTGCGAAAGCGTGGGGAGCAAACGGG
A_concolor,Bacteroidota; Ulvibacter.12,2,Las_Perlas_non_upwelling vs Coiba_non_upwelling -23.9142583834635 ; Las_Perlas_non_upwelling vs Las_Perlas_upwelling -22.8766359653901,TACGGAGGATCCAAGCGTTATCCGGAATCATTGGGTTTAAAGGGTCCGTAGGCGGGTTATTAAGTCAGAGGTGAAAGTTTGCGGCTCAACCGTAAAATTGCCTTTGATACTGGTAGTCTTGAATTAGTATGAAGTGGTTAGAATAAGTAGTGTAGCGGTGAAATGCATAGATATTACTTAGAATACCAATTGCGAAGGCAGATCACTAATACTATATTGACGCTGAGGGACGAAAGCGTGGGGAGCGAACAGG
A_concolor,Proteobacteria; Yoonia-Loktanella,2,Las_Perlas_non_upwelling vs Coiba_non_upwelling 22.6206947127672 ; Las_Perlas_upwelling vs Coiba_upwelling 32.9225563818703,TACGGAGGGGGTTAGCGTTGTTCGGAATTACTGGGCGTAAAGCGCACGTAGGCGGATTGGAAAGTTGGGGGTGAAATCCCAGGGCTCAACCCTGGAACTGCCTCCAAAACTATCAGTCTAGAGTTCGAGAGAGGTGAGTGGAATTCCAAGTGTAGAGGTGAAATTCGTAGATATTTGGAGGAACACCAGTGGCGAAGGCGGCTCACTGGCTCGATACTGACGCTGAGGTGCGAAAGCGTGGGGAGCAAACAGG
M_dorsalis,Proteobacteria; SAR92 clade.2,2,Las_Perlas_non_upwelling vs Las_Perlas_upwelling -6.93108174101304 ; Las_Perlas_upwelling vs Coiba_upwelling 6.34486615917347,TACGGAGGGTGCGAGCGTTAATCGGAATTACTGGGCGTAAAGCGCGCGTAGGTGGTTTGATAAGCTAGCTGTGAAAGCCCCGGGCTCAACCTGGGAACTGCAGTTAGAACTGTCTGACTAGAGTACAGTAGAGGGTGGCGGAATTTCCTGTGTAGCGGTGAAATGCGTAGATATAGGAAGGAACATCAGTGGCGAAGGCGGCCACCTGGACTGATACTGACACTGAGGTGCGAAAGCGTGGGGAGCAAACAGG
M_dorsalis,Proteobacteria; Tepidimonas,1,Las_Perlas_non_upwelling vs Las_Perlas_upwelling -5.94169388976183,TACGTAGGGTGCGAGCGTTAATCGGAATTACTGGGCGTAAAGCGTGCGCAGGCGGTCTTGTAAGACAGAGGTGAAATCCCTGGGCTCAACCTAGGAATGGCCTTTGTGACTGCAAGGCTGGAGTGCGGCAGAGGGGGATGGAATTCCGCGTGTAGCAGTGAAATGCGTAGATATGCGGAGGAACACCGATGGCGAAGGCAGTCCCCTGGGCCTGCACTGACGCTCATGCACGAAAGCGTGGGGAGCAAACAGG
M_dorsalis,Proteobacteria; Photobacterium.10,1,Las_Perlas_upwelling vs Coiba_upwelling -6.71632927911983,TACGGAGGGTGCGAGCGTTAATCGGAATTACTGGGCGTAAAGCGCATGCAGGCGGCTTGTTAAGCAAGATGTGAAAGCCCGGGGCTTAACCTCGGAACCGCATTTTGAACTGGCAGGCTAGAGTCTTGTAGAGGGGGGTAGAATTTCAGGTGTAGCGGTGAAATGCGTAGAGATCTGAAGGAATACCGGTGGCGAAGGCGGCCCCCTGGACAAAGACTGACGCTCAGATGCGAAAGCGTGGGGAGCAAACAGG
M_dorsalis,Proteobacteria; OM60(NOR5) clade.15,1,Las_Perlas_non_upwelling vs Las_Perlas_upwelling -6.15497244111489,TACGGAGGGTGCAAGCGTTAATCGGAATTACTGGGCGTAAAGCGCGCGTAGGCGGTTTTTTAAGTCGGATGTGAAAGCCCCGGGCTCAACCTGGGAACTGCATCCGATACTGGATGACTAGAATGCGGGAGAGGGAGGTAGAATTCCATGTGTAGCAGTGAAATGCGTAGATATATGGAGGAATACCAGTGGCGAAGGCGGCCTCCTGGCTCGACATTGACGCTGAGGTGCGAAAGCGTGGGGAGCAAACGGG
M_dorsalis,Proteobacteria; BD1-7 clade.23,1,Las_Perlas_non_upwelling vs Las_Perlas_upwelling 6.34741270254572,TACGGAGGGTGCAAGCGTTAATCGGAATTACTGGGCGTAAAGCGCGCGTAGGCGGCTTGTTAAGTCGGATGTGAAAGCCCCGGGCTCAACCTGGGAACTGCATTCGATACTGGCAAGCTAGAGTACAAGAGAGGGTGGTAGAATTTCTAGTGTAGCGGTGAAATGCGTAGATATTAGAAGGAATACCGGTGGCGAAGGCGGCCACCTGGCTTGATACTGACGCTGAGGTGCGAAAGCGTGGGGAGCAAACAGG
M_dorsalis,Proteobacteria; Ectothiorhodospiraceae.6,1,Las_Perlas_non_upwelling vs Las_Perlas_upwelling -5.01352396913584,TACGGAGGGTGCAAGCGTTAATCGGAATTACTGGGCGTAAAGAGTACGTAGGCGGCTTTGCAAGTCGGGTGTGAAAGCCCTGAGCTTAACTCAGGAACTGCATTCGATACTGCATCGCTAGAGTTTATTAGAGGATAGCGGAATTCCAGGTGTAGCGGTGAAATGCGTAGATATCTGGAAGAACACCAATGGCGAAGGCAGCTATCTGGGATACAACTGACGCTGAGGTACGAAAGCGTGGGGAGCAAACAGG
M_dorsalis,Verrucomicrobiota; Rubritalea.5,3,Las_Perlas_non_upwelling vs Coiba_non_upwelling -27.4981989059773 ; Las_Perlas_non_upwelling vs Las_Perlas_upwelling -17.664335463273 ; Las_Perlas_upwelling vs Coiba_upwelling -8.5206539163284,TACGAAGGTCCCGAGCGTTATTCGGAATCACTGGGCGTAAAGGGAGCGTAGGCTGCGCGGTAAGTCAGATGTGAAATCTCAGGGCTCAACCCTGAAACTGCATCCGATACTGCCGTGCTAGAGTAATGGAGGGGTAACTGGAATTCTCGGTGTAGCAGTGAAATGCGTGGATATCGAGAGGAAGACCAATGGCGAAGGCAAGTTACTGGACATTTACTGACGCTGAGGCTCGAAGGCTAGGGTAGCGAAAGGG
M_dorsalis,Bacteroidota; NS9 marine group.40,1,Las_Perlas_non_upwelling vs Las_Perlas_upwelling -5.71241588026519,TACGGAGGGTGCAAGCGTTATCCGGATTTATTGGGTTTAAAGGGTCCGTAGGCGGATGATTAAGTCAGTGGTGAAAGCCCACAGCTCAACTGTGGAACTGCCATTGATACTGATCATCTTGAGTACATTTGAAGTTGGCGGAATAGGTCATGTAGCGGTGAAATGCTTAGATATGACCTAGAACACCGATTGCGAAGGCAGCCAACTAAGCTGTAACTGACGCTGAGGGACGAAAGCGTGGGGAGCGAACAGG
M_dorsalis,Bacteroidota; Macellibacteroides,2,Coiba_non_upwelling vs Coiba_upwelling -22.2460964359113 ; Las_Perlas_non_upwelling vs Coiba_non_upwelling 22.4600599824502,TACGGAGGATCCAAGCGTTATCCGGATTTATTGGGTTTAAAGGGTGCGTAGGCGGTCTCTTAAGTCAGCGTTGAAAGTTTTCGGCTCAACCGGAAAATTGGCATTGAAACTGGGAGACTTGAGTGTAAATGAAGTTGGCGGAATTCGTTGTGTAGCGGTGAAATGCATAGATATAACGAAGAACTCCGATTGCGAAGGCAGCTGACTAACATACAACTGACGCTGATGCACGAAAGCGTGGGGATCAAACAGG
M_dorsalis,Bacteroidota; NS5 marine group.24,1,Las_Perlas_non_upwelling vs Las_Perlas_upwelling -4.27897193098292,TACGGAGGATCCAAGCGTTATCCGGAATTATTGGGTTTAAAGGGTCCGTAGGCGGTTTTTTAAGTCAGAGGTGAAATCCTGCAGCTCAACTGTAGCATTGCCTTTGATACTGAAAGACTTGAGTTATTGTGAAGTAGTTAGAATGTGTAGTGTAGCGGTGAAATGCATAGATATTACACAGAATACCGATTGCGAAAGCAGATTACTAACAATATACTGACGCTGAGGGACGAAAGCGTGGGTAGCGAACAGG
M_dorsalis,Bacteroidota; Formosa.3,1,Las_Perlas_non_upwelling vs Las_Perlas_upwelling -6.08038498708438,TACGGAGGATCCAAGCGTTATCCGGAATCATTGGGTTTAAAGGGTCCGTAGGTGGATAATTAAGTCAGAGGTGAAATCTTGCAGCTCAACTGTAAAATTGCCTTTGATACTGGTTATCTTGAGTTATTATGAAGTAGTTAGAATATGTAGTGTAGCGGTGAAATGCATAGATATTACATAGAATACCAATTGCGAAGGCAGATTACTAATAATCAACTGACACTGATGGACGAAAGCGTGGGTAGCGAACAGG
M_dorsalis,Marinimicrobia (SAR406 clade); Marinimicrobia (SAR406 clade).64,2,Las_Perlas_non_upwelling vs Las_Perlas_upwelling 4.25768711282558 ; Las_Perlas_upwelling vs Coiba_upwelling -4.43641440405655,TACGAGGGGTGCTAGCGTTGTCCGGATTTACTGGGCGTAAAGGGTACGTAGGCGTTTTAATAAGTTGAATGTTAAATATCTTAGCTTAACTAAGAAAATGCATTCAAAACTGTTAAAATAGAGTTTGAGAGAGGAACGCAGAATTCATGGTGGAGCGGTGACATGCGTAGATATCATGAGGAAAGTCAAATGCGAAGGCAGCCTTCTGGCTCAAAACTGACGCTGAGGTACGAAAGCGTGGGGAGCGAACAGG
M_dorsalis,Thermoplasmatota; Marine Group II.23,1,Las_Perlas_upwelling vs Coiba_upwelling 5.66934203004013,TACCGGCAGCTCAAGTGGTCGTCGCTTTTATTGGGCCTAAAACGTCCGTAGCCTGTTTAGTAAATTCGTGGGTAAATCAACCAGCTTAACTGGTTGAATTCTGCAAAGACTGCTAGACTAGGGACCGGGAGAGGTGTGAGGTACTCTAGGGGTAGAGGTAAAATTCTGTCATCCTTGGAGGACCACCAGTTGCGAAGGCGTCACACTAGAACGGATCCGACGGTCAGGGACGAAGCCTAGGGGCACGAACCGG
M_dorsalis,Thermoplasmatota; Marine Group II.28,1,Las_Perlas_upwelling vs Coiba_upwelling 2.67350810670131,TACCGGCAGCTCAAGTGGTCGTCGCTTTTATTGGGCCTAAAACGTCCGTAGCCTGTTTGGTAAATCTGTGGGTAAATCAACCAGCTTAACTGGTTGAATTCTGCAGAGACTGCCAGACTAGGGACCGGGAGAGGTGTGGGGTACTCTAGGGGTAGGGGTAAAATCCTGTCATCCTTAGAGGACCACCAGTTGCGAAGGCGCCACACTGGAACGGATTCGACGGTCAGGGACGAAGCCTAGGGGCACGAACCGG
M_dorsalis,Cyanobacteria; Prochlorococcus MIT9313,2,Las_Perlas_non_upwelling vs Las_Perlas_upwelling 2.8321869386143 ; Las_Perlas_upwelling vs Coiba_upwelling -3.08098644088536,TACGGGAGTGGCAAGCGTTATCCGGAATTATTGGGCGTAAAGCGTCCGCAGGCGGCTTTTCAAGTCTGCTGTTAAAGCGTGGAGCTTAACTCCATCATGGCAGTGGAAACTGAAAGGCTTGAGTATGGTAGGGGCAGAGGGAATTCCCGGTGTAGCGGTGAAATGCGTAGATATCGGGAAGAACACCAGTGGCGAAGGCGCTCTGCTGGGCCATTACTGACGCTCATGGACGAAAGCCAGGGGAGCGAAAGGG
M_dorsalis,Cyanobacteria; Prochlorococcus MIT9313.1,2,Las_Perlas_non_upwelling vs Las_Perlas_upwelling 4.49685263291888 ; Las_Perlas_upwelling vs Coiba_upwelling -5.9412186372978,TACGGGAGTGGCAAGCGTTATCCGGAATTATTGGGCGTAAAGCGTCCGCAGGCGGCTTTTCAAGTCTGCTGTTAAAACGTGGAGCTTAACTCCATCATGGCAGTGGAAACTGAAAGGCTTGAGTATGGTAGGGGCAGAGGGAATTCCCGGTGTAGCGGTGAAATGCGTAGATATCGGGAAGAACACCAGTGGCGAAGGCGCTCTGCTGGGCCATTACTGACGCTCATGGACGAAAGCCAGGGGAGCGAAAGGG
M_dorsalis,Chloroflexi; SAR202 clade.2,1,Las_Perlas_upwelling vs Coiba_upwelling -6.21398773935094,TACGTAGGTGGCAAATGTTGTCCGGAATCATTGGGCGTAAAGGGTCCGTAGGTGGCTTGAAAAGTCTTATGTGAAATCTCTTGGCTCAACCAAGAAACGCCATAAGAAACTTTCATGCTAGAGATCATCAGAGGGAGGTAGAATTCCAGGTGTAGTGGTGAAATGCGTAGATATCTGGAGGAATACCAATGGCGAAAGCAGCCTCCTGGGGTGAATCTGACATTGAGGGACGAAAGCGTGGGTAGCAAACCGG
M_dorsalis,Firmicutes; Romboutsia.2,2,Coiba_non_upwelling vs Coiba_upwelling -18.583476089034 ; Las_Perlas_non_upwelling vs Coiba_non_upwelling 20.7823258696174,TACGTAGGGGGCTAGCGTTATCCGGAATTACTGGGCGTAAAGGGTGCGTAGGTGGTTTCTTAAGTCAGAGGTGAAAGGCTACGGCTCAACCGTAGTAAGCCTTTGAAACTGAGAAACTTGAGTGCAGGAGAGGAGAGTAGAATTCCTAGTGTAGCGGTGAAATGCGTAGATATTAGGAGGAATACCAGTTGCGAAGGCGGCTCTCTGGACTGTAACTGACACTGAGGCACGAAAGCGTGGGGAGCAAACAGG
M_dorsalis,Proteobacteria; AEGEAN-169 marine group.6,2,Las_Perlas_non_upwelling vs Las_Perlas_upwelling 5.00189696705563 ; Las_Perlas_upwelling vs Coiba_upwelling -5.48715956753728,TACGAAGGGGGCTAGCGTTGTTCGGAATCACTGGGCGTAAAGCGTATGTAGGCGGATCAAAAAGTTAGATGTGAAATCCCTGGGCTCAACCCAGGAACTGCATTTAAAACTAGTGATCTAGAATTTGGTAAGGGTTAGTAGAATTTCCAGTGTAGAGGTGAAATTCGTAGATATTGGAAAGAATACCAGAAGCGAAGGCGACTAACTAGGCCATTTTTGACGCTGAGATACGAAAGCGTGGGTAGCAAACAGG
M_dorsalis,Proteobacteria; Clade II.6,1,Las_Perlas_non_upwelling vs Las_Perlas_upwelling 6.88843492633068,TACGAAGGGACCTAGCGTAGTTCGGAATTACTGGGCTTAAAGAGCTCGTAGGTGGTTAAAAAAGTTGATGGTGAAATCCCAAGGCTCAACCTTGGAACTGCCATCAAAACTTTTTAGCTGGAGTATGATAGAGGAAAGTGGAATTTCTAGTGTAGAGGTGAAATTCGTAGATATTAGAAAGAACATCAAAAGCGAAGGCAACTTTCTGGATCATTACTGACACTGAGGAGCGAAAGCATGGGTAGCGAAGAGG
M_dorsalis,Proteobacteria; Ascidiaceihabitans.1,2,Las_Perlas_non_upwelling vs Las_Perlas_upwelling -6.91930452491457 ; Las_Perlas_upwelling vs Coiba_upwelling 7.50201457557744,TACGGAGGGGGTTAGCGTTGTTCGGAATTACTGGGCGTAAAGCGCACGTAGGCGGATTGGAAAGTTGGGGGTGAAATCCCGGGGCTCAACCCCGGAACTGCCTCCAAAACTATCAGTCTAGAGTTCGAGAGAGGTGAGTGGAATTCCAAGTGTAGAGGTGAAATTCGTAGATATTTGGAGGAACACCAGTGGCGAAGGCGGCTCACTGGCTCGATACTGACGCTGAGGTGCGAAAGTGTGGGGAGCAAACAGG
M_dorsalis,Proteobacteria; Alphaproteobacteria.27,2,Las_Perlas_non_upwelling vs Las_Perlas_upwelling 23.9944751753989 ; Las_Perlas_upwelling vs Coiba_upwelling -23.5004845876885,TACGAAGGGGGCGAGCGTTGTTCGGAATCACTGGGCGTAAAGCGTACGTAGGCGGATAGATTAGTTAGGGGTGAAATCCCGAGGCTCAACCTCGGAACTGCCTCTAATACTGTCTATCTAGAGATCGAGAGAGGTGAGTGGAATTCCTAGTGTAGAGGTGAAATTCGTAGATATTAGGAAGAACACCAGTGGCGAAGGCGGCTCACTGGCTCGATACTGACGCTGAGGTACGAAAGCGTGGGGAGCAAACAGG
M_dorsalis,Proteobacteria; SAR86 clade.3,1,Las_Perlas_upwelling vs Coiba_upwelling -5.83978314891876,TACGGATGGTGCAAGCGTTAATCGGAATTACTGGGCGTAAAGCGCGCGTAGGTGGCATACTAAGTTAGATGTGAAATCCCGGGGCTTAACCTCGGAACTGCATCTAAAACTGGTAAGCTAGAGTACTAGAGAGGAAAGTAGAATTCTTAGTGTAGCGGTGGAATGCGTAGATATTAAGAGGAATACCAATGGCGAAGGCAACTTTCTGGATAGATACTGACACTGAGGTGCGAAAGCGTGGGGAGCAAACAGG
M_dorsalis,Proteobacteria; SAR86 clade.8,2,Las_Perlas_non_upwelling vs Las_Perlas_upwelling 4.8646107813547 ; Las_Perlas_upwelling vs Coiba_upwelling -5.53333674951599,TACGGAAGGTCCAAGCGTTAATCGGAATTACTGGGCGTAAAGCGCGCGTAGGTGGTTTTTTAAGTTGGATGTGAAAGCCCTGGGCTCAACCTAGGAACTGCATCCAAAACTAGATGACTAGAGTACGAAAGAGGGAAGTAGAATTCACAGTGTAGCGGTGGAATGCGTAGATATTGTGAAGAATACCAATGGCGAAGGCAGCTTCCTGGTTCTGTACTGACACTGAGGTGCGAAAGCGTGGGTAGCGAACAGG
M_dorsalis,Proteobacteria; SAR86 clade.16,1,Las_Perlas_non_upwelling vs Las_Perlas_upwelling -2.41767563092941,TACGGAAGGTGCAAGCGTTAATCGGAATTACTGGGCGTAAAGCGCGCGTAGGTGGTTTGTTAAGTTGGATGTGAAAGCCCTGGGCTCAACCTAGGAACTGCATCCAAAACTAACTCACTAGAGTACGATAGAGGGAGGTAGAATTCATAGTGTAGCGGTGGAATGCGTAGATATTATGAAGAATACCAGTGGCGAAGGCGGCCTCCTGGATCTGTACTGACACTGAGGTGCGAAAGCGTGGGTAGCGAACAGG
M_dorsalis,Proteobacteria; JTB23,1,Las_Perlas_non_upwelling vs Las_Perlas_upwelling 4.90282198568111,TACGGAGGGTGCGAGCGTTAATCGGAATTACTGGGCGTAAAGCGCGCGTAGGCGGTCCGATCAGTCGGATGTGAAAGCCCTGGGCTTAACCTGGGAACTGCATTCGATACTGTCGGACTAGAGTATGATAGAGGTAAGTGGAATTCCTGGTGTAGCGGTGAAATGCGTAGATATCAGGAGGAACATCAGTGGCGAAGGCGGCTTACTGGATCAATACTGACGCTGAGGCGCGAAAGCGTGGGGAGCAAACAGG
M_dorsalis,Proteobacteria; Gammaproteobacteria.121,4,Coiba_non_upwelling vs Coiba_upwelling 20.0146992860057 ; Las_Perlas_non_upwelling vs Coiba_non_upwelling -19.4121715643594 ; Las_Perlas_non_upwelling vs Las_Perlas_upwelling -24.0088961741634 ; Las_Perlas_upwelling vs Coiba_upwelling 24.6114238958097,TACGGAGGGTCCAAGCGTTAATCGGAATTACTGGGCGTAAAGCGCGCGTAGGCGGCTTGTTAAGTCAGATGTGAAAGCCCCGGGCTCAACCTGGGAACTGCATTTGAAACTGGCAAGCTAGAGTGTGTGAGAGGTGAGTGGAATTTCCAGTGTAGCGGTGAAATGCGTAGAGATTGGAAGGAACATCAGTGGCGAAGGCGACTCACTGGCATAACACTGACGCTGAGGTGCGAAAGCGTGGGTAGCAAACAGG
A_xanthopterus,Bdellovibrionota; Oligoflexaceae.2,1,Coiba_non_upwelling vs Coiba_upwelling 8.79191245744436,TACGAAAGGTGCAAGCGTTGTTCGGAATGACTGGGCGTAAAGCGCGCGTAGGCGGGATAATAGGTCGATTGTGAAATCCCCGGGCTCAACCTGGGAACTGCAGTCGAAACCATTATTCTTGAATATCTGAGAGGGTGGGGGAATACCTAGTGGAGCAGTGAAATGCGTAGAGATTAGGTGGAACACCGGAGGCGAAGGCGCCTGCCTGGCAGAATATTGACGCTGAGGCGCGAAAGCGTGGGTAGCAAACAGG
A_xanthopterus,Proteobacteria; Nitrincolaceae.1,1,Las_Perlas_upwelling vs Coiba_upwelling 7.75589042570858,TACGGAGGGTGCGAGCGTTAATCGGAATTACTGGGCGTAAAGCGCGCGTAGGTGGTTTGTTAAGTGGGATGTGAAAGCCCCGGGCTCAACCTGGGAATCGCATCCCAAACTGACAGGCTAGAGTACAATAGAGGGGTGTGGAATTTCCTGTGTAGCGGTGAAATGCGTAGATATAGGAAGGAACACCAGTGGCGAAGGCGACACCCTGGATTGATACTGACACTGAGGTGCGAAAGCGTGGGGAGCAAACAGG
A_xanthopterus,Proteobacteria; Nitrincolaceae.2,1,Las_Perlas_upwelling vs Coiba_upwelling 7.31694912149425,TACGGAGGGTGCGAGCGTTAATCGGAATTACTGGGCGTAAAGCGCGCGTAGGTGGTTTGTTAAGTGGGATGTGAAAGCCCCGGGCTCAACCTGGGAATCGCATCCCAAACTGACAGACTAGAGTACAATAGAGGGGTGTGGAATTTCCTGTGTAGCGGTGAAATGCGTAGATATAGGAAGGAACACCAGTGGCGAAGGCGACACCCTGGATTGATACTGACACTGAGGTGCGAAAGCGTGGGGAGCAAACAGG
A_xanthopterus,Proteobacteria; Acinetobacter.4,1,Las_Perlas_non_upwelling vs Coiba_non_upwelling -7.05372051259652,TACAGAGGGTGCGAGCGTTAATCGGATTTACTGGGCGTAAAGCGTGCGTAGGCGGCTTTTTAAGTCGGATGTGAAATCCCTGAGCTTAACTTAGGAATTGCATTCGATACTGGGAAGCTAGAGTATGGGAGAGGATGGTAGAATTCCAGGTGTAGCGGTGAAATGCGTAGAGATCTGGAGGAATACCGATGGCGAAGGCAGCCATCTGGCCTAATACTGACGCTGAGGTACGAAAGCATGGGGAGCAAACAGG
A_xanthopterus,Proteobacteria; Acinetobacter.19,1,Las_Perlas_non_upwelling vs Coiba_non_upwelling -7.58325678545423,TACAGAGGGTGCGAGCGTTAATCGGATTTACTGGGCGTAAAGCGTGCGTAGGCGGCCATTTAAGTCAAATGTGAAATCCCCGAGCTTAACTTGGGAATTGCATTCGATACTGGATGGCTAGAGTATGGGAGAGGATGGTAGAATTCCAGGTGTAGCGGTGAAATGCGTAGAGATCTGGAGGAATACCGATGGCGAAGGCAGCCATCTGGCCTAATACTGACGCTGAGGTACGAAAGCATGGGGAGCAAACAGG
A_xanthopterus,Proteobacteria; Psychrobacter.8,1,Las_Perlas_non_upwelling vs Coiba_non_upwelling -7.94071669407147,TACAGAGGGTGCAAGCGTTAATCGGAATTACTGGGCGTAAAGCGAGCGTAGGTGGCTTGATAAGTCAGATGTGAAATCCCCGGGCTTAACCTGGGAACTGCATCTGAAACTGTTAGGCTAGAGTAGGTGAGAGGGAAGTAGAATTTCAGGTGTAGCGGTGAAATGCGTAGAGATCTGAAGGAATACCGATGGCGAAGGCAGCTTCCTGGCATCATACTGACACTGAGGCTCGAAAGCGTGGGTAGCAAACAGG
A_xanthopterus,Proteobacteria; Candidatus Branchiomonas.6,2,Coiba_non_upwelling vs Coiba_upwelling -20.1897230151703 ; Las_Perlas_non_upwelling vs Coiba_non_upwelling 20.5972127831888,TACGTAGGGTGCGAGCGTTAATCGGATTTACTGGGCGTAAAGGGTGTGTAGGCGGATAGATAAGTTAGATGTGAAATACCTGGGCTTAACCGAGGGTGTGCATTTAAAACTGTGTATCTTGAGTAGGGCAGAGGGAGGTGGAATTCCATGTGTAGCAGTGAAATGCGTAGAGATATGGAGGAACACCGATGGCGAAGGCAGCCTCCTGGGCCAATACTGACGCTGAGGCACGAAAGCGTGGGGAGCGAACAGG
A_xanthopterus,Proteobacteria; OM60(NOR5) clade.9,1,Las_Perlas_upwelling vs Coiba_upwelling 6.88074823412682,TACGGAGGGTGCAAGCGTTAATCGGAATTACTGGGCGTAAAGCGCGCGTAGGCGGTTTTTTAAGTCGGATGTGAAAGCCCCGGGCTCAACCTGGGAACTGCATCCGATACTGGAAGACTAGAATGCGGGAGAGGGAGGTAGAATTCCATGTGTAGCAGTGAAATGCGTAGATATATGGAGGAATACCAGTGGCGAAGGCGGCCTCCTGGCTCGACATTGACGCTGAGGTGCGAAAGCGTGGGGAGCAAACGGG
A_xanthopterus,Proteobacteria; Proteobacteria.44,2,Coiba_non_upwelling vs Coiba_upwelling -23.4368547805508 ; Las_Perlas_non_upwelling vs Coiba_non_upwelling 21.8749945597911,CCGCCGCGGTAATACGAGAGACCCAAGTTGACAGGCAATCGGCGTAAAGAGTGGTTAAGTAATACATTTCACTAAAGCCAAACACCTTCAAAGCTGTTATACGCACCCGAAGACCAGAAGCCCAATCACGAAAGTGGCTTTAAACTAACTGAACCCACGAAAGCTAGGGCACAAACTGGGATTAGAAACCCTGGTAGTCCAGTAGATCGGAAGAGCACACGTCTGAACTCCA
A_xanthopterus,Proteobacteria; Proteobacteria.46,2,Coiba_non_upwelling vs Coiba_upwelling 23.9312707961393 ; Las_Perlas_upwelling vs Coiba_upwelling 24.1382045307663,CCGCCGCGGTAATACGAGAGACCCAAGTTGACAGGCAATCGGCGTAAAGAGTGGTTAAGTAATACATTTCACTAAAGCCAAACACCTTCAAAGCTGTTATACGCACCCGAAGACCAGAAGCCCAATCACGAAAGTGGCTTTAAACTAACTGAACCCACGAAAGCTAGGGCACAAACTGGGATTAGATACCCTCGTAGTCCAGAGATCGGAAGAGCACACGTCTGAACTCCAG
A_xanthopterus,Proteobacteria; Proteobacteria.47,2,Coiba_non_upwelling vs Coiba_upwelling -23.5650522242862 ; Las_Perlas_non_upwelling vs Coiba_non_upwelling 21.8322491364575,CCGCCGCGGTAATACGAGAGACCCAAGTTGACAGGCAATCGGCGTAAAGAGTGGTTAAGTAATACATTTCACTAAAGCCAAACACCTTCAAAGCTGTTATACGCACCCGAAGACCAGAAGCCCAATCACGAAAGTGGCTTTAAACTAACTGAACCCACGAAAGCTAGGGCACAAACTGGGATTAGATACCCTCGTAGTCCAGTAGATCGGAAGAGCACACGTCTGAACTCCA
A_xanthopterus,Proteobacteria; Proteobacteria.49,2,Coiba_non_upwelling vs Coiba_upwelling 24.0850529011041 ; Las_Perlas_upwelling vs Coiba_upwelling 24.1913925872111,CCGCCGCGGTAATACGAGAGACCCAAGTTGACAGGCAATCGGCGTAAAGAGTGGTTAAGTAATACATTTCACTAAAGCCAAACACCTTCAAAGCTGTTATACGCACCCGAAGACCAGAAGCCCAATCACGAAAGTGGCTTTAAACTAACTGAACCCACGAAAGCTAGGGCACAAACTGGGATTAGAAACCCGCGTAGTCCAGAGATCGGAAGAGCACACGTCTGAACTCCAG
A_xanthopterus,Proteobacteria; Proteobacteria.50,2,Coiba_non_upwelling vs Coiba_upwelling -23.5926459460217 ; Las_Perlas_non_upwelling vs Coiba_non_upwelling 22.2761793730613,CAGCCGCGGTAATACGAGAGACCCAAGTTGACAGGCAATCGGCGTAAAGAGTGGTTAAGTAATACATTTCACTAAAGCCAAACACCTTCAAAGCTGTTATACGCACCCGAAGACCAGAAGCCCAATCACGAAAGTGGCTTTAAACTAACTGAACCCACGAAAGCTAGGGCACAAACTGGGATTAGAAACCCGCGTAGTCCAGTAGATCGGAAGAGCACACGTCTGAACTCCA
A_xanthopterus,Proteobacteria; Proteobacteria.52,2,Coiba_non_upwelling vs Coiba_upwelling -23.6254333632579 ; Las_Perlas_non_upwelling vs Coiba_non_upwelling 22.1199425469019,CAGCCGCGGTAATACGAGAGACCCAAGTTGACAGGCAATCGGCGTAAAGAGTGGTTAAGTAATACATTTCACTAAAGCCAAACACCTTCAAAGCTGTTATACGCACCCGAAGACCAGAAGCCCAATCACGAAAGTGGCTTTAAACTAACTGAACCCACGAAAGCTAGGGCACAAACTGGGATTAGAAACCCCTGTAGTCCAGTAGATCGGAAGAGCACACGTCTGAACTCCA
A_xanthopterus,Proteobacteria; Proteobacteria.53,2,Coiba_non_upwelling vs Coiba_upwelling -24.2397064244052 ; Las_Perlas_non_upwelling vs Coiba_non_upwelling 22.662149284577,CAGCCGCGGTAATACGAGAGACCCAAGTTGACAGGCAATCGGCGTAAAGAGTGGTTAAGTAATACATTTCACTAAAGCCAAACACCTTCAAAGCTGTTATACGCACCCGAAGACCAGAAGCCCAATCACGAAAGTGGCTTTAAACTAACTGAACCCACGAAAGCTAGGGCACAAACTGGGATTAGAAACCCCCGTAGTCCAGTAGATCGGAAGAGCACACGTCTGAACTCCA
A_xanthopterus,Proteobacteria; Proteobacteria.54,2,Coiba_non_upwelling vs Coiba_upwelling -23.7243975169227 ; Las_Perlas_non_upwelling vs Coiba_non_upwelling 21.7793577040353,CCGCCGCGGTAATACGAGAGACCCAAGTTGACAGGCAATCGGCGTAAAGAGTGGTTAAGTAATACATTTCACTAAAGCCAAACACCTTCAAAGCTGTTATACGCACCCGAAGACCAGAAGCCCAATCACGAAAGTGGCTTTAAACTAACTGAACCCACGAAAGCTAGGGCACAAACTGGGATTAGAAACCCTTGTAGTCCAGTAGATCGGAAGAGCACACGTCTGAACTCCA
A_xanthopterus,Proteobacteria; Proteobacteria.55,2,Coiba_non_upwelling vs Coiba_upwelling -23.8676822777058 ; Las_Perlas_non_upwelling vs Coiba_non_upwelling 22.0119626978627,CCGCCGCGGTAATACGAGAGACCCAAGTTGACAGGCAATCGGCGTAAAGAGTGGTTAAGTAATACATTTCACTAAAGCCAAACACCTTCAAAGCTGTTATACGCACCCGAAGACCAGAAGCCCAATCACGAAAGTGGCTTTAAACTAACTGAACCCACGAAAGCTAGGGCACAAACTGGGATTAGAAACCCTCGTAGTCCAGTAGATCGGAAGAGCACACGTCTGAACTCCA
A_xanthopterus,Proteobacteria; Proteobacteria.56,2,Coiba_non_upwelling vs Coiba_upwelling 24.3213804272194 ; Las_Perlas_upwelling vs Coiba_upwelling 24.4677853069505,CCGCCGCGGTAATACGAGAGACCCAAGTTGACAGGCAATCGGCGTAAAGAGTGGTTAAGTAATACATTTCACTAAAGCCAAACACCTTCAAAGCTGTTATACGCACCCGAAGACCAGAAGCCCAATCACGAAAGTGGCTTTAAACTAACTGAACCCACGAAAGCTAGGGCACAAACTGGGATTAGAAACCCTCGTAGTCCAGAGATCGGAAGAGCACACGTCTGAACTCCAG
A_xanthopterus,Proteobacteria; Proteobacteria.61,2,Coiba_non_upwelling vs Coiba_upwelling -23.429056062418 ; Las_Perlas_non_upwelling vs Coiba_non_upwelling 21.761173266059,CAGCCGCGGTAATACGAGAGACCCAAGTTGACAGGCAATCGGCGTAAAGAGTGGTTAAGTAATACATTTCACTAAAGCCAAACACCTTCAAAGCTGTTATACGCACCCGAAGACCAGAAGCCCAATCACGAAAGTGGCTTTAAACTAACTGAACCCACGAAAGCTAGGGCACAAACTGGGATTAGATACCCTAGTAGTCCAGTAGATCGGAAGAGCACACGTCTGAACTCCA
A_xanthopterus,Proteobacteria; Proteobacteria.62,2,Coiba_non_upwelling vs Coiba_upwelling 24.3455306484721 ; Las_Perlas_upwelling vs Coiba_upwelling 24.4688924570866,CAGCCGCGGTAATACGAGAGACCCAAGTTGACAGGCAATCGGCGTAAAGAGTGGTTAAGTAATACATTTCACTAAAGCCAAACACCTTCAAAGCTGTTATACGCACCCGAAGACCAGAAGCCCAATCACGAAAGTGGCTTTAAACTAACTGAACCCACGAAAGCTAGGGCACAAACTGGGATTAGAAACCCTCGTAGTCCAGAGATCGGAAGAGCACACGTCTGAACTCCAG
A_xanthopterus,Proteobacteria; Proteobacteria.66,2,Coiba_non_upwelling vs Coiba_upwelling 23.3814361275174 ; Las_Perlas_upwelling vs Coiba_upwelling 23.5292418535858,CCGCCGCGGTAATACGAGAGACCCAAGTTGACAGGCAATCGGCGTAAAGAGTGGTTAAGTAATACATTTCACTAAAGCCAAACACCTTCAAAGCTGTTATACGCACCCGAAGACCAGAAGCCCAATCACGAAAGTGGCTTTAAACTAACTGAACCCACGAAAGCTAGGGCACAAACTGGGATTAGATACCCTGGTAGTCCAGAGATCGGAAGAGCACACGTCTGAACTCCAG
A_xanthopterus,Proteobacteria; Proteobacteria.69,2,Coiba_non_upwelling vs Coiba_upwelling 23.5302870939 ; Las_Perlas_upwelling vs Coiba_upwelling 23.8804363870695,CAGCCGCGGTAATACGAGAGACCCAAGTTGACAGGCAATCGGCGTAAAGAGTGGTTAAGTAATACATTTCACTAAAGCCAAACACCTTCAAAGCTGTTATACGCACCCGAAGACCAGAAGCCCAATCACGAAAGTGGCTTTAAACTAACTGAACCCACGAAAGCTAGGGCACAAACTGGGATTAGAAACCCTGGTAGTCCAGAGATCGGAAGAGCACACGTCTGAACTCCAG
A_xanthopterus,Bacteroidota; Cryomorphaceae.25,2,Las_Perlas_non_upwelling vs Coiba_non_upwelling -5.85095391178327 ; Las_Perlas_upwelling vs Coiba_upwelling 4.94716053445936,TACGGAGGATCCAAGCGTTATCCGGATTCATTGGGTTTAAAGGGTCCGTAGGCGGATTTTTAAGTCAGTGGTGAAAGCCGGCAGCTCAACTGTCGAACTGCCATTGATACTGGAAATCTTGAGTACAAATGAAGTAGGCGGAATGAGTCATGTAGCGGTGAAATGCATAGATATGACTCAGAACACCGATTGCGAAGGCAGCTTACTAACATGTAACTGACGCTGAGGGACGAAAGCGTGGGGAGCGAACAGG
A_xanthopterus,Bacteroidota; NS11-12 marine group.2,1,Las_Perlas_upwelling vs Coiba_upwelling 6.71881555943743,TACGGAGGGTCCAAGCGTTGTCCGGATTTATTGGGTTTAAAGGGTACGTAGGCGGGACTTTAAGTCAGTGGTGAAAGCCTCCAGCTTAACTGGAGAATTGCCATTGAAACTGAAGTTCTTGAGTATGGATGAGGTGGTTGGAATATAACATGTAGCGGTGAAATGCATAGATATGTTATAGAACACCAATTGCGAAGGCAGATCACTAAACCATTACTGACGCTGAGGTACGAAAGCGTGGGGAGCGAACAGG
A_xanthopterus,Bacteroidota; NS4 marine group.11,1,Las_Perlas_upwelling vs Coiba_upwelling 7.23662463508289,TACGGAGGATCCAAGCGTTATCCGGAATCATTGGGTTTAAAGGGTCCGCAGGCTGTTTTTTAAGTCAGAGGTGAAATCCTGCAGCTCAACTGTAGAACTGCCTTTGATACTGGAAAACTTGAGTTATTGTGAAGTGGTTAGAATGTGTGGTGTAGCGGTGAAATGCATAGATATCACACAGAATACCGATTGCGAAGGCAGATCACTAACAATATACTGACGCTCATGGACGAAAGCGTGGGGAGCGAACAGG
A_xanthopterus,Marinimicrobia (SAR406 clade); Marinimicrobia (SAR406 clade).69,2,Coiba_non_upwelling vs Coiba_upwelling 6.78776606904288 ; Las_Perlas_upwelling vs Coiba_upwelling 5.69205684043245,TACGAGGGGTGCTAGCGTTGTCCGGATTTACTGGGCGTAAAGGGTACGTAGGCGTTTTAATAAGTTGTATGTTAAATATCTTAGCTTAACTAAGAAAATGCATCCAAAACTGTTAAAATAGAGTTTGAGAGAGGAACGCAGAATTCATGGTGGAGCGGTGACATGCGTAGATATCATGAGGAAAGTCAAATGCGAAGGCAGCCTTCTGGCTCAAAACTGACGCTGAGGTACGAAAGCGTGGGGAGCGAACAGG
A_xanthopterus,Thermoplasmatota; Marine Group II.24,1,Las_Perlas_upwelling vs Coiba_upwelling 6.23116910320515,TACCGGCAGCTCAAGTGGTCGTCGCTTTTATTGGGCCTAAAACGTCCGTAGCCTGTTTGGTAAATCTGTGGGTAAATCAACCAGCTTAACTGGTTGAATTCTGCAGAGACTGCCAGACTAGGGACCGGGAGAGGTGTGGGGTACTCTCGGGGTAGGGGTAAAATCCTGTCATCCTGGGAGGACCACCAGTTGCGAAGGCGCCACACTGGAACGGATCCGACGGTCAGGGACGAAGCCTAGGGGCACGAACCGG
A_xanthopterus,Thermoplasmatota; Marine Group II.28,1,Las_Perlas_upwelling vs Coiba_upwelling 4.11445230339246,TACCGGCAGCTCAAGTGGTCGTCGCTTTTATTGGGCCTAAAACGTCCGTAGCCTGTTTGGTAAATCTGTGGGTAAATCAACCAGCTTAACTGGTTGAATTCTGCAGAGACTGCCAGACTAGGGACCGGGAGAGGTGTGGGGTACTCTAGGGGTAGGGGTAAAATCCTGTCATCCTTAGAGGACCACCAGTTGCGAAGGCGCCACACTGGAACGGATTCGACGGTCAGGGACGAAGCCTAGGGGCACGAACCGG
A_xanthopterus,Cyanobacteria; Cyanobium PCC-6307,2,Coiba_non_upwelling vs Coiba_upwelling 7.52174415651412 ; Las_Perlas_upwelling vs Coiba_upwelling 6.26532210064517,TACGGGAGTGGCAAGCGTTATCCGGAATTATTGGGCGTAAAGCGTCCGCAGGCGGCCTGACAAGTCTGCTGTTAAAGCGTGGAGCTTAACTCCATTTCAGCAGTGGAAACTGTCAGGCTTGAGTGTGGTAGGGGCAGAGGGAATTCCCGGTGTAGCGGTGAAATGCGTAGATATCGGGAAGAACACCAGTGGCGAAAGCGCTCTGCTGGGCCATCACTGACGCTCATGGACGAAAGCCAGGGGAGCGAAAGGG
A_xanthopterus,Proteobacteria; HIMB11,1,Las_Perlas_upwelling vs Coiba_upwelling 6.78301823695945,TACGGAGGGGGTTAGCGTTGTTCGGAATTACTGGGCGTAAAGCGCGCGTAGGCGGATTAGAAAGTTGGGGGTGAAATCCCGAGGCTCAACCTCGGAACTGCCTCCAAAACTGCTAGTCTAGAGTTCGAGAGAGGTGAGTGGAATTCCGAGTGTAGAGGTGAAATTCGTAGATATTCGGAGGAACACCAGTGGCGAAGGCGGCTCACTGGCTCGATACTGACGCTGAGGTGCGAAAGTGTGGGGAGCAAACAGG
A_xanthopterus,Proteobacteria; Ascidiaceihabitans.1,1,Las_Perlas_upwelling vs Coiba_upwelling 7.99900054429513,TACGGAGGGGGTTAGCGTTGTTCGGAATTACTGGGCGTAAAGCGCACGTAGGCGGATTGGAAAGTTGGGGGTGAAATCCCGGGGCTCAACCCCGGAACTGCCTCCAAAACTATCAGTCTAGAGTTCGAGAGAGGTGAGTGGAATTCCAAGTGTAGAGGTGAAATTCGTAGATATTTGGAGGAACACCAGTGGCGAAGGCGGCTCACTGGCTCGATACTGACGCTGAGGTGCGAAAGTGTGGGGAGCAAACAGG
A_xanthopterus,Proteobacteria; Ascidiaceihabitans.3,2,Coiba_non_upwelling vs Coiba_upwelling 6.06524822851904 ; Las_Perlas_upwelling vs Coiba_upwelling 5.67774467770023,TACGGAGGGGGTTAGCGTTGTTCGGAATTACTGGGCGTAAAGCGCGCGTAGGCGGATTGGAAAGTTAGAGGTGAAATCCCGGGGCTCAACCCCGGAACGGCCTTTAAAACTCCCAGTCTAGAGTTCGAGAGAGGTGAGTGGAATTCCAAGTGTAGAGGTGAAATTCGTAGATATTTGGAGGAACACCAGTGGCGAAGGCGGCTCACTGGCTCGATACTGACGCTGAGGTGCGAAAGTGTGGGGAGCAAACAGG
A_xanthopterus,Proteobacteria; PS1 clade.2,1,Las_Perlas_upwelling vs Coiba_upwelling 8.5417741380711,TACGGAGGGGGCTAGCGTTGTTCGGAATCACTGGGCGTAAAGCGCGCGTAGGCGGACTGATTAGTTGGGGGTGAAAGCCCGGAGCTCAACTCCGGAACTGCCTTCAATACTGTCAGTCTTGAGGTCGAGAGAGGTAAGTGGAATTCCGAGTGTAGAGGTGAAATTCGTAGATATTCGGAAGAACACCAGTGGCGAAGGCGACTTACTGGCTCGATTCTGACGCTGAGGTGCGAAAGCGTGGGGAGCAAACAGG
A_xanthopterus,Proteobacteria; Candidatus Puniceispirillum.7,2,Coiba_non_upwelling vs Coiba_upwelling 6.10297310658448 ; Las_Perlas_upwelling vs Coiba_upwelling 6.31412280259571,TACGAAGGGGGCGAGCGTTGTTCGGAATTACTGGGCGTAAAGGGCGCGTAGGCGGTCTTTTAAGTTAGGCGTGAAATCCCCGGGCTCAACCTGGGAACTGCGCTTAAGACTGGAAGACTAGAAAACGGAAGAGGGTAGTGGAATTCCCAGTGTAGAGGTGAAATTCGTAGATATTGGGAAGAACACCAGTGGCGAAAGCGGCTACCTGGTCCGATTTTGACGCTGAGGCGCGAAAGCGTGGGGAGCAAACAGG
A_xanthopterus,Proteobacteria; SAR116 clade.16,2,Coiba_non_upwelling vs Coiba_upwelling -20.027082255255 ; Las_Perlas_non_upwelling vs Coiba_non_upwelling 18.4228738026441,TACGAAGGGGGCGAGCGTTGTTCGGAATTACTGGGCGTAAAGGGCGCGTAGGCGGCTCTTTAAGTTAGGCGTGAAAGCCCCGGGCTCAACCTGGGAACTGCGCTTAAGACTGGAGAGCTAGAAAACGGAAGAGGGTAGTGGAATTCCCAGTGTAGAGGTGAAATTCGTAGATATTGGGAAGAACACCAGTGGCGAAAGCGGCTACCTGGTCCGGCTTTGACGCTGAGGCGCGAAAGCGTGGGGAGCAAACAGG
A_xanthopterus,Proteobacteria; SAR86 clade,1,Coiba_non_upwelling vs Coiba_upwelling 6.59301620048308,TACGGATGGTGCAAGCGTTAATCGGAATTACTGGGCGTAAAGCGCGCGTAGGTGGCACACCAAGTTAGATGTGAAATCCCAGGGCTTAACCTTGGAACTGCATCTAAAACTGGTGAGCTAGAGTACTAGAGAGGAAAGTAGAATTCTTAGTGTAGCGGTGGAATGCGTAGATATTAAGAGGAATACCAATGGCGAAGGCAACTTTCTGGATAGATACTGACACTGAGGTGCGAAAGCGTGGGGAGCAAACAGG
A_xanthopterus,Proteobacteria; SAR86 clade.16,1,Las_Perlas_upwelling vs Coiba_upwelling 3.05708648668484,TACGGAAGGTGCAAGCGTTAATCGGAATTACTGGGCGTAAAGCGCGCGTAGGTGGTTTGTTAAGTTGGATGTGAAAGCCCTGGGCTCAACCTAGGAACTGCATCCAAAACTAACTCACTAGAGTACGATAGAGGGAGGTAGAATTCATAGTGTAGCGGTGGAATGCGTAGATATTATGAAGAATACCAGTGGCGAAGGCGGCCTCCTGGATCTGTACTGACACTGAGGTGCGAAAGCGTGGGTAGCGAACAGG
P_laticlavius,Proteobacteria; Gammaproteobacteria.2,2,Coiba_non_upwelling vs Coiba_upwelling -22.2352281861261 ; Las_Perlas_non_upwelling vs Coiba_non_upwelling 18.1661292472348,TACGGAGGGTGCGAGCGTTAATCGGAATTACTGGGCGTAAAGCGCGCGTAGGCGGCTTGGTCAGTCAGATGTGAAAGCCCTGGGCTCAACCTAGGAACTGCATTTGATACTGCTAGGCTCGAGTATGGTAGAGGCAAGTAGAATTTCCAGTGTAGCAGTGAAATGCGTAGAGATTGGAAGGAATATCAATGGCGAAGGCAGCTTGCTGGGCCAATACTGACGCTGAGGTGCGAAAGCGTGGGTAGCGAACGGG
P_laticlavius,Proteobacteria; Woeseia.7,1,Las_Perlas_non_upwelling vs Las_Perlas_upwelling -8.08927778147523,TACGGAGGGAGCGAGCGTTAATCGGAATTACTGGGCGTAAAGCGCGCGTAGGCGGCTTTGTAAGTCGGATGTGAAAGCCCCGGGCTTAACCTGGGAATGGCATTCGATACTGCAGAGCTAGAGTATGGTAGAGGGAAGTGGAATTTCCGGTGTAGCGGTGAAATGCGTAGATATCGGAAGGAACACCGATGGCGAAGGCAACTTCCTGGGCCAATACTGACGCTGAGGTGCGAAAGCGTGGGTAGCAAACAGG
P_laticlavius,Proteobacteria; SAR92 clade.2,1,Las_Perlas_non_upwelling vs Las_Perlas_upwelling -8.19721217520812,TACGGAGGGTGCGAGCGTTAATCGGAATTACTGGGCGTAAAGCGCGCGTAGGTGGTTTGATAAGCTAGCTGTGAAAGCCCCGGGCTCAACCTGGGAACTGCAGTTAGAACTGTCTGACTAGAGTACAGTAGAGGGTGGCGGAATTTCCTGTGTAGCGGTGAAATGCGTAGATATAGGAAGGAACATCAGTGGCGAAGGCGGCCACCTGGACTGATACTGACACTGAGGTGCGAAAGCGTGGGGAGCAAACAGG
P_laticlavius,Proteobacteria; Nitrincolaceae.1,2,Las_Perlas_non_upwelling vs Las_Perlas_upwelling -8.61557292214826 ; Las_Perlas_upwelling vs Coiba_upwelling 8.52056671783716,TACGGAGGGTGCGAGCGTTAATCGGAATTACTGGGCGTAAAGCGCGCGTAGGTGGTTTGTTAAGTGGGATGTGAAAGCCCCGGGCTCAACCTGGGAATCGCATCCCAAACTGACAGGCTAGAGTACAATAGAGGGGTGTGGAATTTCCTGTGTAGCGGTGAAATGCGTAGATATAGGAAGGAACACCAGTGGCGAAGGCGACACCCTGGATTGATACTGACACTGAGGTGCGAAAGCGTGGGGAGCAAACAGG
P_laticlavius,Proteobacteria; Nitrincolaceae.2,2,Las_Perlas_non_upwelling vs Las_Perlas_upwelling -8.61754243252942 ; Las_Perlas_upwelling vs Coiba_upwelling 8.5226588382437,TACGGAGGGTGCGAGCGTTAATCGGAATTACTGGGCGTAAAGCGCGCGTAGGTGGTTTGTTAAGTGGGATGTGAAAGCCCCGGGCTCAACCTGGGAATCGCATCCCAAACTGACAGACTAGAGTACAATAGAGGGGTGTGGAATTTCCTGTGTAGCGGTGAAATGCGTAGATATAGGAAGGAACACCAGTGGCGAAGGCGACACCCTGGATTGATACTGACACTGAGGTGCGAAAGCGTGGGGAGCAAACAGG
P_laticlavius,Proteobacteria; Halomonas.1,1,Coiba_non_upwelling vs Coiba_upwelling 7.39747521142529,TACGGAGGGTGCAAGCGTTAATCGGAATTACTGGGCGTAAAGCGCGCGTAGGTGGCTTGATAAGCCGGTTGTGAAAGCCCCGGGCTCAACCTGGGAACGGCATCCGGAACTGTCAAGCTAGAGTGCAGGAGAGGAAGGTAGAATTCCCGGTGTAGCGGTGAAATGCGTAGAGATCGGGAGGAATACCAGTGGCGAAGGCGGCCTTCTGGACTGACACTGACACTGAGGTGCGAAAGCGTGGGTAGCAAACAGG
P_laticlavius,Proteobacteria; Acinetobacter.4,1,Coiba_non_upwelling vs Coiba_upwelling 5.8032258029337,TACAGAGGGTGCGAGCGTTAATCGGATTTACTGGGCGTAAAGCGTGCGTAGGCGGCTTTTTAAGTCGGATGTGAAATCCCTGAGCTTAACTTAGGAATTGCATTCGATACTGGGAAGCTAGAGTATGGGAGAGGATGGTAGAATTCCAGGTGTAGCGGTGAAATGCGTAGAGATCTGGAGGAATACCGATGGCGAAGGCAGCCATCTGGCCTAATACTGACGCTGAGGTACGAAAGCATGGGGAGCAAACAGG
P_laticlavius,Proteobacteria; Acinetobacter.8,1,Coiba_non_upwelling vs Coiba_upwelling 8.45538785445784,TACAGAGGGTGCGAGCGTTAATCGGATTTACTGGGCGTAAAGCGTGCGTAGGCGGCTTATTAAGTCGGATGTGAAATCCCCGAGCTTAACTTGGGAATTGCATTCGATACTGGTGAGCTAGAGTATGGGAGAGGATGGTAGAATTCCAGGTGTAGCGGTGAAATGCGTAGAGATCTGGAGGAATACCGATGGCGAAGGCAGCCATCTGGCCTAATACTGACGCTGAGGTACGAAAGCATGGGGAGCAAACAGG
P_laticlavius,Proteobacteria; Acinetobacter.19,1,Coiba_non_upwelling vs Coiba_upwelling 6.70737862313873,TACAGAGGGTGCGAGCGTTAATCGGATTTACTGGGCGTAAAGCGTGCGTAGGCGGCCATTTAAGTCAAATGTGAAATCCCCGAGCTTAACTTGGGAATTGCATTCGATACTGGATGGCTAGAGTATGGGAGAGGATGGTAGAATTCCAGGTGTAGCGGTGAAATGCGTAGAGATCTGGAGGAATACCGATGGCGAAGGCAGCCATCTGGCCTAATACTGACGCTGAGGTACGAAAGCATGGGGAGCAAACAGG
P_laticlavius,Proteobacteria; Psychrobacter.8,1,Coiba_non_upwelling vs Coiba_upwelling 7.58553279531865,TACAGAGGGTGCAAGCGTTAATCGGAATTACTGGGCGTAAAGCGAGCGTAGGTGGCTTGATAAGTCAGATGTGAAATCCCCGGGCTTAACCTGGGAACTGCATCTGAAACTGTTAGGCTAGAGTAGGTGAGAGGGAAGTAGAATTTCAGGTGTAGCGGTGAAATGCGTAGAGATCTGAAGGAATACCGATGGCGAAGGCAGCTTCCTGGCATCATACTGACACTGAGGCTCGAAAGCGTGGGTAGCAAACAGG
P_laticlavius,Proteobacteria; Gammaproteobacteria.46,3,Las_Perlas_non_upwelling vs Coiba_non_upwelling -6.27649860270648 ; Las_Perlas_non_upwelling vs Las_Perlas_upwelling 18.8173992121756 ; Las_Perlas_upwelling vs Coiba_upwelling -23.1834931452115,TACGTAGGGTGCGAGCGTTAATCGGAATTACTGGGCGTAAAGGGTGCGTAGGCGGATTTTTAAGCTAGATGTGAAATCCCTGGGCTTAACCTAGGAACTGCATTTAGAACTGGGAATCTAGAATACTACAGAGGAAGGTAGAATTCCACGTGTAGCGGTGAAATGCGTAGAGATGTGGAGGAATATCAATGGCGAAGGCAGCCTTCTGGGTAAGTATTGACGCTGAGGCACGAAAGCGTGGGGAGCAAACAGG
P_laticlavius,Proteobacteria; Pseudoalteromonas.4,1,Coiba_non_upwelling vs Coiba_upwelling 6.16482722897631,TACGGAGGGTGCGAGCGTTAATCGGAATTACTGGGCGTAAAGCGTACGCAGGCGGTTTGTTAAGCGAGATGTGAAAGCCCCGGGCTCAACCTGGGAACTGCATTTCGAACTGGCAAACTAGAGTGTGATAGAGGGTGGTAGAATTTCAGGTGTAGCGGTGAAATGCGTAGAGATCTGAAGGAATACCGATGGCGAAGGCAGCCACCTGGGTCAACACTGACGCTCATGTACGAAAGCGTGGGGAGCAAACAGG
P_laticlavius,Proteobacteria; Vibrio.24,1,Las_Perlas_upwelling vs Coiba_upwelling 6.86845751371027,TACGGAGGGTGCGAGCGTTAATCGGAATTACTGGGCGTAAAGCGCATGCAGGTGGTTTGTTAAGTCAGATGTGAAAGCCCGGGGCTCAACCTCGGAACTGCATTTGAAACTGGCAAACTAGAGTACTGTAGAGGGGGGTAGAATTTCAGGTGTAGCGGTGAAATGCGTAGAGATCTGAAGGAATACCAGTGGCGAAGGCGGCCCCCTGGACAGATACTGACACTCAGATGCGAAAGCGTGGGGAGCAAACAGG
P_laticlavius,Proteobacteria; Ferrimonas.3,2,Coiba_non_upwelling vs Coiba_upwelling -20.7860913024557 ; Las_Perlas_non_upwelling vs Coiba_non_upwelling 16.2611330123597,TACGGAGGGTGCGAGCGTTAATCGGAATTACTGGGCGTAAAGCGCATGCAGGTGGTTTGGTCAGTCAGATGTGAAAGCCCCGGGCTTAACCTGGGAATTGCATTTGATACTGCCAAACTAGAGTCCTTGAGAGGGGGGTAGAATTTCAGGTGTAGCGGTGAAATGCGTAGAGATCTGAAGGAATACCAGTGGCGAAGGCGGCCCCCTGGCAAGAGACTGACACTCAGATGCGAAAGCGTGGGGAGCAAACAGG
P_laticlavius,Proteobacteria; SUP05 cluster.2,2,Las_Perlas_non_upwelling vs Las_Perlas_upwelling -7.86573859262538 ; Las_Perlas_upwelling vs Coiba_upwelling 7.77194718760467,TACGGAGGGTGCAAGCGTTAATCGGAATTACTGGGCGTAAAGCGTGCGTAGGCGGTTTATTAAGTCAGATGTGAAAGCCCCGGGCTTAACCTGGGAACTGCATTTGAAACTGGTAAACTAGAGTATGGTAGAGGAAAGTGGAATTTCTGGTGTAGCGGTGAAATGCGTAGATATCAGAAGGAACATCAATGGCGAAGGCAGCTTTCTGGACCAATACTGACGCTGAGGTACGAAAGCGTGGGTAGCAAACAGG
P_laticlavius,Verrucomicrobiota; P.palmC41.5,2,Las_Perlas_non_upwelling vs Coiba_non_upwelling 6.91630297536824 ; Las_Perlas_upwelling vs Coiba_upwelling 7.58836627184609,TACGTAGGTCACAAGCGTTAATCGGATTTATTGGGCGTAAAGGGTCCGCAGGGTGTTTATTAAGTTTGATGTGAAATCTCGAGGCTCAACCTCGAAACCGCATTGAAAACTGATAGACTAGAATTTAAGAGAGGAAAGTGGAATTTTTGGTGTAGCGATGGAATGCTTAGATATCAAAAGGAACATCAATGGCGAAGGCAGCTTTCTGGCTATAAATTGACCCTCATGGACGAAGGCGTAGGTAGCAAACAGG
P_laticlavius,Verrucomicrobiota; Roseibacillus.4,1,Las_Perlas_non_upwelling vs Las_Perlas_upwelling -5.56312685681015,TACGAAGGTCCCAAGCGTTGTTCGGAATCACTGGGCGTAAAGCGTGTGTAGGCTGCGCGGAAAGTCAAATGTGAAAGCCCGGGGCTCAACCTCGGAACTGCATTCGATACTCCCGTGCTAGAGTCATGGAGAGGTAAGTGGAATTCCCGGTGTAGCAGTGAAATGCGTGGATATCGGGAGGAACATCAATGGCGAAGGCAACTTACTGGACATGTACTGACGCTCAGACACGAAGGCCAGGGGAGCGAAAGGG
P_laticlavius,Verrucomicrobiota; Roseibacillus.9,2,Las_Perlas_non_upwelling vs Las_Perlas_upwelling -7.77863212550379 ; Las_Perlas_upwelling vs Coiba_upwelling 7.68384546613604,TACGAAGGTCCCAAGCGTTGTTCGGAATAACTGGGCGTAAAGCGTGTGTAGGCTGCGCGGAAAGTCAAATGTGAAAGCCAAGGGCTCAACCCTTGAACTGCATTCGATACTCCCGTGCTAGAGTAATGGAGAGGTAAGTGGAATTCCTGGTGTAGCAGTGAAATGCGTGGATATCAGGAGGAACATCAATGGCGAAGGCAACTTACTGGACATTTACTGACGCTCAGACACGAAGGCTAGGGGAGCGAAAGGG
P_laticlavius,Verrucomicrobiota; Akkermansia,2,Las_Perlas_non_upwelling vs Coiba_non_upwelling 7.74662562927556 ; Las_Perlas_non_upwelling vs Las_Perlas_upwelling 8.36390538526063,TACAGAGGTCTCAAGCGTTGTTCGGAATCACTGGGCGTAAAGGGTACGTAGGCGGCGCCATAAGTCGTGCGTGAAAGGCAGGGGCTCAACCTCTGGAGTGCGCATGATACTGTGGTGCTAGAGTCATGGAGAGGGAACTGGAATTCTTGGTGTAGCAGTGAAATGCGTAGATATCAAGAGGAAGACTCGTGGCGAAGGCGAGTTCCTGGACATGTACTGACGCTGAGGTACGAAGGCTAGGGGAGCGAAAGGG
P_laticlavius,Bacteroidota; NS9 marine group.15,2,Las_Perlas_non_upwelling vs Las_Perlas_upwelling -8.22344060227881 ; Las_Perlas_upwelling vs Coiba_upwelling 8.12903575725389,TACGGAGGGTCCAAGCGTTATCCGGATTTATTAGGTTTAAAGGGTCCGCAGGCGGGATTTTAAGTCAGTGGTGAAAGCCTACAGCTCAACTGTAGAACTGCCATTGATACTGAAATTCTTGAGTGTGGTTGAAGTGGGCGGAACATGTCATGTAGCGGTGAAATGCATAGATATGACATAGAACACCAATTGCGAAGGCAGCTCACTAAGCCATTACTGACGCTGAGGGACGAAAGCGTGGGGAGCGAACAGG
P_laticlavius,Bacteroidota; Cryomorphaceae.25,2,Las_Perlas_non_upwelling vs Coiba_non_upwelling -6.9597530800841 ; Las_Perlas_non_upwelling vs Las_Perlas_upwelling -6.64482587927469,TACGGAGGATCCAAGCGTTATCCGGATTCATTGGGTTTAAAGGGTCCGTAGGCGGATTTTTAAGTCAGTGGTGAAAGCCGGCAGCTCAACTGTCGAACTGCCATTGATACTGGAAATCTTGAGTACAAATGAAGTAGGCGGAATGAGTCATGTAGCGGTGAAATGCATAGATATGACTCAGAACACCGATTGCGAAGGCAGCTTACTAACATGTAACTGACGCTGAGGGACGAAAGCGTGGGGAGCGAACAGG
P_laticlavius,Bacteroidota; Aurantivirga,2,Las_Perlas_non_upwelling vs Las_Perlas_upwelling -7.62880863599527 ; Las_Perlas_upwelling vs Coiba_upwelling 7.53320725289091,TACGGAGGGTGCAAGCGTTATCCGGAATCATTGGGTTTAAAGGGTCCGCAGGCGGTCAATTAAGTCAGAGGTGAAATCCCATAGCTTAACTATGGAACTGCCTTTGATACTGGTTGACTTGAGTTATACGGAAGTAGATAGAATGTGTAGTGTAGCGGTGAAATGCATAGATATTACACAGAATACCGATTGCGAAGGCAGTCTACTACGTATATACTGACGCTCATGGACGAAAGCGTGGGGAGCGAACAGG
P_laticlavius,Bacteroidota; NS4 marine group.11,1,Las_Perlas_non_upwelling vs Las_Perlas_upwelling -6.30505480273099,TACGGAGGATCCAAGCGTTATCCGGAATCATTGGGTTTAAAGGGTCCGCAGGCTGTTTTTTAAGTCAGAGGTGAAATCCTGCAGCTCAACTGTAGAACTGCCTTTGATACTGGAAAACTTGAGTTATTGTGAAGTGGTTAGAATGTGTGGTGTAGCGGTGAAATGCATAGATATCACACAGAATACCGATTGCGAAGGCAGATCACTAACAATATACTGACGCTCATGGACGAAAGCGTGGGGAGCGAACAGG
P_laticlavius,Bacteroidota; NS4 marine group.15,1,Las_Perlas_upwelling vs Coiba_upwelling 3.07716654677037,TACGGAGGATCCAAGCGTTATCCGGAATTATTGGGTTTAAAGGGTCCGCAGGCGGTCTATTAAGTCAGAGGTGAAATCTTGCAGCTCAACTGTAAAATTGCCTTTGATACTGGTAGACTTGAGTCATTGTGAAGTGGTTAGAATGTGTGGTGTAGCGGTGAAATGCATAGATATCACACAGAATACCAATTGCGAAGGCAGATCACTAACAATGTACTGACGCTCATGGACGAAAGCGTGGGGAGCGAACAGG
P_laticlavius,Bacteroidota; Formosa.3,1,Las_Perlas_non_upwelling vs Las_Perlas_upwelling -4.75666682996385,TACGGAGGATCCAAGCGTTATCCGGAATCATTGGGTTTAAAGGGTCCGTAGGTGGATAATTAAGTCAGAGGTGAAATCTTGCAGCTCAACTGTAAAATTGCCTTTGATACTGGTTATCTTGAGTTATTATGAAGTAGTTAGAATATGTAGTGTAGCGGTGAAATGCATAGATATTACATAGAATACCAATTGCGAAGGCAGATTACTAATAATCAACTGACACTGATGGACGAAAGCGTGGGTAGCGAACAGG
P_laticlavius,Fibrobacterota; Fibrobacterales,3,Coiba_non_upwelling vs Coiba_upwelling 8.26427591575344 ; Las_Perlas_non_upwelling vs Coiba_non_upwelling -29.1921363959412 ; Las_Perlas_non_upwelling vs Las_Perlas_upwelling -15.2960153331268,TACGAGGGGGGCAAGTGTTGTTCGGAATCACTGGGCGTAAAGGGAGCGTAGGCGGAGATATAAGTCAGGTGTTTAATCTTGGGGCCCAACCCCAATTGTGCGCTTGAAACTATATTTCTAGAATGTGGTAGAGGTAGATGGAATTCCTGGTGTAGCGGTGGAATGCGTAGATATCAGGAGGAACACCAGTTGCGAAGGCGATCTACTGGACTAACATTGACGCTGAGGCTCGAAAGCGTGGGGAGCGAACAGG
P_laticlavius,Nanoarchaeota; Woesearchaeales.2,1,Coiba_non_upwelling vs Coiba_upwelling 3.33834006697008,CCCCGGCGCCTCGAGTGGTGATCATATTTATTGGGTTTAAAGCATCCGTAGCTGGTTAAGTCAGTTTTTGGTGAAATTTAGCAGCTTAACTGTTAAGAAGGCTAAAAATACTACTTAACTAGGGACCGGGAGGAGTCAGAGGAATGTTGTGGGGAGCGGTAAAATGTGTTAATCCACGATGGACCACCAGTGGCGAAGGCGTCTGACTAGAACGGATCCGACAGTGAGGGATGAAAGCTAGGGGAGCAAATCGG
P_laticlavius,Cyanobacteria; Prochlorococcus MIT9313,2,Las_Perlas_non_upwelling vs Las_Perlas_upwelling 8.30553591165725 ; Las_Perlas_upwelling vs Coiba_upwelling -5.02350265563679,TACGGGAGTGGCAAGCGTTATCCGGAATTATTGGGCGTAAAGCGTCCGCAGGCGGCTTTTCAAGTCTGCTGTTAAAGCGTGGAGCTTAACTCCATCATGGCAGTGGAAACTGAAAGGCTTGAGTATGGTAGGGGCAGAGGGAATTCCCGGTGTAGCGGTGAAATGCGTAGATATCGGGAAGAACACCAGTGGCGAAGGCGCTCTGCTGGGCCATTACTGACGCTCATGGACGAAAGCCAGGGGAGCGAAAGGG
P_laticlavius,Cyanobacteria; Prochlorococcus MIT9313.1,1,Las_Perlas_non_upwelling vs Las_Perlas_upwelling 7.05615045773284,TACGGGAGTGGCAAGCGTTATCCGGAATTATTGGGCGTAAAGCGTCCGCAGGCGGCTTTTCAAGTCTGCTGTTAAAACGTGGAGCTTAACTCCATCATGGCAGTGGAAACTGAAAGGCTTGAGTATGGTAGGGGCAGAGGGAATTCCCGGTGTAGCGGTGAAATGCGTAGATATCGGGAAGAACACCAGTGGCGAAGGCGCTCTGCTGGGCCATTACTGACGCTCATGGACGAAAGCCAGGGGAGCGAAAGGG
P_laticlavius,Fusobacteriota; Cetobacterium,2,Coiba_non_upwelling vs Coiba_upwelling -19.5477824134023 ; Las_Perlas_non_upwelling vs Coiba_non_upwelling 20.0572907581966,TACGTATGTCGCAAGCGTTATCCGGATTTATTGGGCGTAAAGCGCGTCTAGGCGGAAAAGAAAGTCTGATGTTAAAATGCGGGGCTCAACTCCGTATTGCGTTGGAAACTGCTTTTCTAGAGTACTGGAGAGGTGGGCGGAACTACAAGTGTAGAGGTGAAATTCGTAGATATTTGTAGGAATGCCGATGGAGAAGTCAGCTCACTGGACAGATACTGACGCTAAAGCGCGAAAGCGTGGGGAGCAAACAGG
P_laticlavius,Firmicutes; Mycoplasma,2,Coiba_non_upwelling vs Coiba_upwelling -17.3921571393588 ; Las_Perlas_non_upwelling vs Coiba_non_upwelling 20.8579865906532,TACATAGGTCACAAGCGTTATCCGGAATTATTGGGCGTAAAGCGTTCGTAGGCGGTTTATTAAGTCTAGAGTTAAAGCCTGGGGCTCAACCCCAGCCCGCTCTGGATACTGGTAAACTAGAGTTATTTAGAGGTAAGCGGAATTCTTAGTGAAGCGGTGGAATGCGTAGAGATTAGGAAGAACACCAATGGCGAAGGCAGCTTACTGGAAATATACTGACGCTCAGGGACGAAAGCGTGGGGAGCAAACAGG
P_laticlavius,Actinobacteriota; Candidatus Actinomarina.6,1,Las_Perlas_upwelling vs Coiba_upwelling 22.305607813741,TACGTAGGGGGCGAGCTTTGTCCGGATTTATTGGGCGTAAAGAGCTCGTAGGCGGTTCAACAAGTCGGTCGTGAAAGTTCAGGGCTCAACCCTGAAATGTCGATCGATACTGTTGTGACTAGGATACGGTAGAGGTGAGTGGAATTCCGAGTGTAGCGGTGAAATGCGTAGATATTCGGAGGAACACCAATTGCGAAGGCAGCTCACTGGGCCGCTATCGACGCTGAGGAGCGAAAGCTAGGGGAGCAAACAGG
P_laticlavius,Firmicutes; Mycoplasma.3,2,Coiba_non_upwelling vs Coiba_upwelling -14.7779709594957 ; Las_Perlas_non_upwelling vs Coiba_non_upwelling 20.2653990628688,TACATAGGTTGCAAGTGTTATCCGGATTTATTGGGCGTAAAGCAAGCGCAGTCGGATTTAAAAGTCTGGTGTTAAATACTAATGCTCAACGTTAGTGTGCATCAGAAACTATAAGTCTAGAGTGTAGTAGAGAGTTCTGGAACTCCATGTGGAGCGGTGGAATGCGTAGATATATGGAAGAACACCAATGGCGAAGGCAAGAACTTGGGCTATTACTGACGATTAGGCTTGAAAGTGTGGGGAGCAAATAGG
P_laticlavius,Firmicutes; Mycoplasma.5,1,Las_Perlas_non_upwelling vs Coiba_non_upwelling 7.74215189880447,TACATAGGTTGCAAGTGTTATCCGGATTTATTGGGCGTAAAGCAAGCGCAGTCGGATTTAAAAGTCTGGTGTTAAATACTAATGCTCAACGTTAGTGTGCATCAGAAACTGTGAGTCTAGAGTGTAGTAGAGAGTTCTGGAACTCCATGTGGAGCGGTGGAATGCGTAGATATATGGAAGAACACCAATGGCGAAGGCAAGAACTTGGGCTATTACTGACGATTAGGCTTGAAAGTGTGGGGAGCAAATAGG
P_laticlavius,Proteobacteria; AEGEAN-169 marine group.21,1,Las_Perlas_non_upwelling vs Las_Perlas_upwelling 6.76239118726535,TACGGAAGGTCCTAGCGTTGTTCGGAATTACTGGGCGTAAAGCGCATGTAGGCGGAACAGAAAGTTAGAAGTGAAATCCCTGGGCTCAACCTAGGAATTGCTTTTAAAACTTCTGTTCTGGAATTCAGGAGAGGAAAATGGAATTTCCAGTGTAGAGGTGAAATTCGTAGATATTGGAAGGAACACCAGTGGCGAAGGCGATTTTCTGGACTGATATTGACGCTGAGATGCGAAGGCATGGGTAGCAAACGGG
P_laticlavius,Proteobacteria; Clade Ib.6,1,Las_Perlas_non_upwelling vs Las_Perlas_upwelling 3.73238068215485,TACGAAGGGACCTAGCGTAGTTCGGAATTACTGGGCTTAAAGAGTTCGTAGGTGGTTAAAAAAGTTGGTGGTGAAATCCCAGAGCTTAACTCTGGAACTGCCATCAAAACTTTTTAGCTAGAGTATGATAGAGGAAAGCAGAATTTCTAGTGTAGAGGTGAAATTCGTAGATATTAGAAAGAATACCAATTGCGAAGGCAGCTTTCTGGATCATTACTGACACTGAGGAACGAAAGCATGGGTAGCGAAGAGG
P_laticlavius,Proteobacteria; HIMB11.2,1,Las_Perlas_non_upwelling vs Las_Perlas_upwelling -3.22950117401893,TACGGAGGGGGTTAGCGTTGTTCGGAATTACTGGGCGTAAAGCGCGCGTAGGCGGATTAGAAAGTTGGGGGTGAAATCCCGGGGCTCAACCTCGGAACTGCCTCCAAAACTGCTAGTCTAGAGTTCGAGAGAGGTGAGTGGAATTCCGAGTGTAGAGGTGAAATTCGTAGATATTCGGAGGAACACCAGTGGCGAAGGCGGCTCACTGGCTCGATACTGACGCTGAGGTGCGAAAGTGTGGGGAGCAAACAGG
P_laticlavius,Proteobacteria; HIMB11.3,1,Las_Perlas_upwelling vs Coiba_upwelling 7.06296488248077,TACGGAGGGGGTTAGCGTTGTTCGGAATTACTGGGCGTAAAGCGCGCGTAGGCGGATTAGAAAGTTGGGGGTGAAATCCCGGGGCTCAACCCCGGAACTGCCTCCAAAACTGCTAGTCTAGAGTTCGAGAGAGGTGAGTGGAATTCCGAGTGTAGAGGTGAAATTCGTAGATATTCGGAGGAACACCAGTGGCGAAGGCGGCTCACTGGCTCGATACTGACGCTGAGGTGCGAAAGTGTGGGGAGCAAACAGG
P_laticlavius,Proteobacteria; Ascidiaceihabitans.1,2,Las_Perlas_non_upwelling vs Las_Perlas_upwelling -8.63380025836204 ; Las_Perlas_upwelling vs Coiba_upwelling 6.92758487219234,TACGGAGGGGGTTAGCGTTGTTCGGAATTACTGGGCGTAAAGCGCACGTAGGCGGATTGGAAAGTTGGGGGTGAAATCCCGGGGCTCAACCCCGGAACTGCCTCCAAAACTATCAGTCTAGAGTTCGAGAGAGGTGAGTGGAATTCCAAGTGTAGAGGTGAAATTCGTAGATATTTGGAGGAACACCAGTGGCGAAGGCGGCTCACTGGCTCGATACTGACGCTGAGGTGCGAAAGTGTGGGGAGCAAACAGG
P_laticlavius,Proteobacteria; Ascidiaceihabitans.2,1,Las_Perlas_non_upwelling vs Las_Perlas_upwelling -7.20334354360326,TACGGAGGGGGTTAGCGTTGTTCGGAATTACTGGGCGTAAAGCGCGCGTAGGCGGATTGGAAAGTTGGGGGTGAAATCCCGAGGCTCAACCTCGGAACTGCCTCCAAAACTCCCAGTCTAGAGTTCGAGAGAGGTGAGTGGAATTCCAAGTGTAGAGGTGAAATTCGTAGATATTTGGAGGAACACCAGTGGCGAAGGCGGCTCACTGGCTCGATACTGACGCTGAGGTGCGAAAGTGTGGGGAGCAAACAGG
P_laticlavius,Proteobacteria; Rhodobacteraceae.86,2,Las_Perlas_non_upwelling vs Las_Perlas_upwelling 7.02161453675675 ; Las_Perlas_upwelling vs Coiba_upwelling -6.34165231466754,TACGGAGGGGGTTAGCGTTGTTCGGAATTACTGGGCGTAAAGCGCACGTAGGCGGATTAATAAGTCAGGGGTGAAATCCCGAGGCTCAACCTCGGAACTGCCTTTGATACTGTTAATCTTGAGTTCGAGAGAGGTGAGTGGAATTCCGAGTGTAGAGGTGAAATTCGTAGATATTCGGAGGAACACCAGTGGCGAAGGCGGCTCACTGGCTCGATACTGACGCTGAGGTGCGAAAGCGTGGGGAGCAAACAGG
P_laticlavius,Proteobacteria; Rhodobacteraceae.100,1,Las_Perlas_non_upwelling vs Las_Perlas_upwelling 6.67599932817173,TACGGAGGGGGTTAGCGTTGTTCGGAATTACTGGGCGTAAAGCGCACGTAGGCGGACTAGTCAGTCAGAGGTGAAATCCCGAGGCTCAACCTCGGAACTGCCTTTGATACTGCTAGTCTAGAGTTCGAGAGAGGTGAGTGGAATTCCGAGTGTAGAGGTGAAATTCGTAGATATTCGGAGGAACACCAGTGGCGAAGGCGGCTCACTGGATCGATACTGACGCTGAGGTGCGAAAGCGTGGGGAGCAAACAGG
P_laticlavius,Proteobacteria; PS1 clade.2,1,Las_Perlas_upwelling vs Coiba_upwelling 4.42095520291443,TACGGAGGGGGCTAGCGTTGTTCGGAATCACTGGGCGTAAAGCGCGCGTAGGCGGACTGATTAGTTGGGGGTGAAAGCCCGGAGCTCAACTCCGGAACTGCCTTCAATACTGTCAGTCTTGAGGTCGAGAGAGGTAAGTGGAATTCCGAGTGTAGAGGTGAAATTCGTAGATATTCGGAAGAACACCAGTGGCGAAGGCGACTTACTGGCTCGATTCTGACGCTGAGGTGCGAAAGCGTGGGGAGCAAACAGG
P_laticlavius,Verrucomicrobiota; Chlamydiales Incertae Sedis,4,Coiba_non_upwelling vs Coiba_upwelling -23.8990611119814 ; Las_Perlas_non_upwelling vs Coiba_non_upwelling 17.5410069252429 ; Las_Perlas_non_upwelling vs Las_Perlas_upwelling 28.0217281207564 ; Las_Perlas_upwelling vs Coiba_upwelling -34.3797823074949,TACGTAGGGCGCAAGCATTAATCGGATTTATTGGGTGTAAAGGGTGCGTAGACGGCCATGTAAGTTGGATGTTAAATTCCGGGTTTCATCCCCGGAGTGCATGCAAAACTACATGGCTAGAGTGTAAGAGGGGAAAGCGGAATTCCACAAGTAGCGGTGAAATGCGTAGATATGTGGAGGAACACCGGTGGCGAAGGCGGCTTTCTGGATTATTACTGACGTTGAGGCACGAAAGCGTGGGGAGCAAACAGG
P_laticlavius,Proteobacteria; SAR86 clade.8,2,Las_Perlas_non_upwelling vs Las_Perlas_upwelling 6.22567244552806 ; Las_Perlas_upwelling vs Coiba_upwelling -6.73280380645573,TACGGAAGGTCCAAGCGTTAATCGGAATTACTGGGCGTAAAGCGCGCGTAGGTGGTTTTTTAAGTTGGATGTGAAAGCCCTGGGCTCAACCTAGGAACTGCATCCAAAACTAGATGACTAGAGTACGAAAGAGGGAAGTAGAATTCACAGTGTAGCGGTGGAATGCGTAGATATTGTGAAGAATACCAATGGCGAAGGCAGCTTCCTGGTTCTGTACTGACACTGAGGTGCGAAAGCGTGGGTAGCGAACAGG
P_laticlavius,Proteobacteria; SAR86 clade.14,1,Las_Perlas_upwelling vs Coiba_upwelling 8.31659142807965,TACGGAAGGTGCAAGCTTTAATCGGAATTACTGGGCGTAAAGCGCGCGTAGGTGGTTTGTTAAGTTGGATGTGAAAGCCCTGGGCTCAACCTAGGAACTGCATCCAAAACTAACTCACTAGAGTACGATAGAGGGAGGTAGAATTCATAGTGTAGCGGTGGAATGCGTAGATATTATGAAGAATACCAGTGGCGAAGGCGGCCTCCTGGATCTGTACTGACACTGAGGTGCGAAAGCGTGGGTAGCGAACAGG
P_laticlavius,Proteobacteria; SAR86 clade.19,2,Las_Perlas_non_upwelling vs Las_Perlas_upwelling 3.31125773847485 ; Las_Perlas_upwelling vs Coiba_upwelling -3.50180373415915,TACGGAGGGTCCAAGCGTTAATCGGAATTACTGGGCGTAAAGCGCGCGTAGGCGGTTTGTCAAGTTGGATGTGAAATCCCTGGGCTCAACCTAGGAACTGCATTCAAAACTTATAGACTAGAGTACGATAGAGGAGAGTAGAATTCCTGGTGTAGCGGTGAAATGCGTAGATATCAGGAGGAATACCAATGGCGAAGGCAACTCTCTGGATCGACACTGACGCTGAGGTGCGAAAGCGTGGGTAGCAAACAGG
C_panamensis,Proteobacteria; Tepidimonas,2,Coiba_non_upwelling vs Coiba_upwelling -7.78506516671658 ; Las_Perlas_non_upwelling vs Las_Perlas_upwelling -6.68366316427675,TACGTAGGGTGCGAGCGTTAATCGGAATTACTGGGCGTAAAGCGTGCGCAGGCGGTCTTGTAAGACAGAGGTGAAATCCCTGGGCTCAACCTAGGAATGGCCTTTGTGACTGCAAGGCTGGAGTGCGGCAGAGGGGGATGGAATTCCGCGTGTAGCAGTGAAATGCGTAGATATGCGGAGGAACACCGATGGCGAAGGCAGTCCCCTGGGCCTGCACTGACGCTCATGCACGAAAGCGTGGGGAGCAAACAGG
C_panamensis,Proteobacteria; Schlegelella,1,Las_Perlas_non_upwelling vs Las_Perlas_upwelling -7.40470401063513,TACGTAGGGTGCGAGCGTTAATCGGAATTACTGGGCGTAAAGCGTGCGCAGGCGGTTGTGCAAGACAGATGTGAAATCCCCGGGCTTAACCTGGGAACTGCATTTGTGACTGCACGGCTGGAGTGCGGCAGAGGGGAGTGGAATTCCGCGTGTAGCAGTGAAATGCGTAGATATGCGGAGGAACACCGATGGCGAAGGCAGCTCCCTGGGCCTGCACTGACGCTCATGCACGAAAGCGTGGGGAGCAAACAGG
C_panamensis,Proteobacteria; Caldimonas,2,Coiba_non_upwelling vs Coiba_upwelling -5.87053786351653 ; Las_Perlas_non_upwelling vs Las_Perlas_upwelling -6.14445270979295,TACGTAGGGTGCGAGCGTTAATCGGAATTACTGGGCGTAAAGCGTGCGCAGGCGGTTGTGCAAGACAGATGTGAAATCCCCGGGCTTAACCTGGGAACTGCATTTGTGACTGCACGGCTAGAGTGCGGCAGAGGGGGATGGAATTCCGCGTGTAGCAGTGAAATGCGTAGATATGCGGAGGAACACCGATGGCGAAGGCAGTCCTCTGGGCCTGCACTGACGCTCATGCACGAAAGCGTGGGGAGCAAACAGG
C_panamensis,Proteobacteria; Shewanella.1,2,Coiba_non_upwelling vs Coiba_upwelling -22.3793490056844 ; Las_Perlas_non_upwelling vs Coiba_non_upwelling 22.8470541396194,TACGGAGGGTCCGAGCGTTAATCGGAATTACTGGGCGTAAAGCGTGCGCAGGCGGTTTGTTAAGCGAGATGTGAAAGCCCCGGGCTCAACCTGGGAACCGCATTTCGAACTGGCGAACTAGAGTCTTGTAGAGGGGGGTAGAATTCCAGGTGTAGCGGTGAAATGCGTAGAGATCTGGAGGAATACCAGTGGCGAAGGCGGCCCCCTGGACAAAGACTGACGCTCATGCACGAAAGCGTGGGGAGCAAACAGG
C_panamensis,Verrucomicrobiota; Coraliomargarita.6,1,Las_Perlas_non_upwelling vs Coiba_non_upwelling 7.3535287919207,TACGGAGACTGCAAGCGTTACTCGGATTCACTGGGCGTAAAGGGTGCGTAGGCCGCTAAGTGTGTCAGGTGTGAAATCTCGGGGCTCAACCTCGAAACTGCGCCTGAAACTACTTAGCTTGAGTTTCGGAGAGGTAAGCGGAATTTCTGGTGTAGCGGTGAAATGCGTAGATATCAGAAGGAACACCAATGGCGAAGGCAGCTTACTGGACGACAACTGACGCTGAGGCACGAAAGCGTGGGTAGCGAAAGGG
C_panamensis,Bacteroidota; Cryomorphaceae.25,1,Las_Perlas_non_upwelling vs Coiba_non_upwelling -7.0164433153453,TACGGAGGATCCAAGCGTTATCCGGATTCATTGGGTTTAAAGGGTCCGTAGGCGGATTTTTAAGTCAGTGGTGAAAGCCGGCAGCTCAACTGTCGAACTGCCATTGATACTGGAAATCTTGAGTACAAATGAAGTAGGCGGAATGAGTCATGTAGCGGTGAAATGCATAGATATGACTCAGAACACCGATTGCGAAGGCAGCTTACTAACATGTAACTGACGCTGAGGGACGAAAGCGTGGGGAGCGAACAGG
C_panamensis,Bacteroidota; Tenacibaculum.7,2,Coiba_non_upwelling vs Coiba_upwelling -17.0075213728408 ; Las_Perlas_non_upwelling vs Coiba_non_upwelling 22.1684470233947,TACGGAGGGTGCAAGCGTTATCCGGAATCATTGGGTTTAAAGGGTCCGCAGGCGGTCAATTAAGTCAGAGGTGAAATCCTACAGCTTAACTGTAGAACTGCCTTTGATACTGGTTGACTTGAGTTATACGGAAGTAGGTAGAATGTGTAGTGTAGCGGTGAAATGCATAGATATTACACAGAATACCGATTGCGAAGGCAGCCTACTACGTATATACTGACGCTCATGGACGAAAGCGTGGGGAGCGAACAGG
C_panamensis,Bacteroidota; Flavobacteriaceae.26,2,Coiba_non_upwelling vs Coiba_upwelling 19.2211970757416 ; Las_Perlas_non_upwelling vs Las_Perlas_upwelling 23.6585266076208,TACGGAGGGTGCAAGCGTTATCCGGAATCATTGGGTTTAAAGGGTCCGTAGGTGGGCAATTAAGTCAGAGGTGAAATCCCATAGCTTAACTATGGAACTGCCTTTGATACTGGTTGTCTTGAGTTATACTGAAGTAAGTAGAATGTGTAGTGTAGCGGTGAAATGCATAGATATTACACAGAATACCGATTGCGAAGGCAGCTTACTAAGTATATACTGACACTCATGGACGAAAGCGTGGGGAGCGAACAGG
C_panamensis,Bacteroidota; Cytophagales.11,2,Coiba_non_upwelling vs Coiba_upwelling -18.8353356281328 ; Las_Perlas_non_upwelling vs Coiba_non_upwelling 22.1932428484078,TACGGAGGGTGCAAGCGTTATCCGGAATTATTGGGTTTAAAGGGTGTGTAGGCGGACTATTAAGTCAGAGGTGAAATAGCATAGCTTAACTATGTTGCTGCCTTTGATACTGATAGTCTTGAGTTCTGTAAGGGTAGGCGGAATTTATGATGTAGCGGTGAAATGCATAGATATCATAAAGAACTCCGATAGCGAAGGCAGCTTACTTGACAGAAACTGACGCTGATGCACGAAAGCATGGGTAGCGAACAGG
C_panamensis,Proteobacteria; Filomicrobium.2,2,Las_Perlas_non_upwelling vs Coiba_non_upwelling -18.369755516668 ; Las_Perlas_upwelling vs Coiba_upwelling -21.1216873089162,TACGAAGGGGGCTAGCGTTGTTCGGAATCACTGGGCGTAAAGCGCACGTAGGCTGACTGGTCAGTTGGGGGTGAAATCCCGGGGCTCAACCTCGGAACTGCCTTCAATACTGCCAGTCTTGAGTCCGAGAGAGGTGAGTGGAATTCCTAGTGTAGAGGTGAAATTCGTAGATATTAGGAAGAACACCAGTGGCGAAGGCGGCTCACTGGCTCGGTACTGACGCTGAGGTGCGAAAGCGTGGGGAGCAAACAGG
C_panamensis,Proteobacteria; PS1 clade.2,1,Las_Perlas_non_upwelling vs Coiba_non_upwelling 7.84947209900643,TACGGAGGGGGCTAGCGTTGTTCGGAATCACTGGGCGTAAAGCGCGCGTAGGCGGACTGATTAGTTGGGGGTGAAAGCCCGGAGCTCAACTCCGGAACTGCCTTCAATACTGTCAGTCTTGAGGTCGAGAGAGGTAAGTGGAATTCCGAGTGTAGAGGTGAAATTCGTAGATATTCGGAAGAACACCAGTGGCGAAGGCGACTTACTGGCTCGATTCTGACGCTGAGGTGCGAAAGCGTGGGGAGCAAACAGG
E_labriformis,Proteobacteria; Thalassolituus,2,Coiba_non_upwelling vs Coiba_upwelling -20.7023078907672 ; Las_Perlas_non_upwelling vs Coiba_non_upwelling 18.1068473443957,TACGGAGGGTGCAAGCGTTAATCGGAATTACTGGGCGTAAAGCGCGCGTAGGTTGCTTGTTAAGCGAGATGTGAAAGCCCCGGGCTTAACCTGGGAACTGCATTTCGAACTGGCAGGCTAGAGTACAGTAGAGGGTAGTGGAATTTCCTGTGTAGCGGTGAAATGCGTAGAGATGGGAAGGAACATCAGTGGCGAAGGCGACTGCCTGGACTGATACTGACACTGAGGTGCGAAAGCGTGGGGAGCGAACAGG
E_labriformis,Proteobacteria; Gammaproteobacteria.28,2,Coiba_non_upwelling vs Coiba_upwelling 20.8370382184015 ; Las_Perlas_non_upwelling vs Las_Perlas_upwelling 22.1761495584136,TACAGAGGGTGCAAGCGTTAATCGGAATTACTGGGCGTAAAGCGCGCGTAGGCGGCTTGATAAGATGGGTGTGAAATCCCCGGGCTTAACCTGGGAACTGCATCCATAACTGTCTGGCTAGAGTACAGTAGAGGGTGGTGGAATTTCCTGTGTAGCGGTGAAATGCGTAGATATAGGAAGGAACACCAGTGGCGAAGGCGACCACCTGGACTGATACTGACGCTGAGGTGCGAAAGCGTGGGGAGCAAACAGG
E_labriformis,Proteobacteria; Acinetobacter.8,1,Coiba_non_upwelling vs Coiba_upwelling 7.27436063334759,TACAGAGGGTGCGAGCGTTAATCGGATTTACTGGGCGTAAAGCGTGCGTAGGCGGCTTATTAAGTCGGATGTGAAATCCCCGAGCTTAACTTGGGAATTGCATTCGATACTGGTGAGCTAGAGTATGGGAGAGGATGGTAGAATTCCAGGTGTAGCGGTGAAATGCGTAGAGATCTGGAGGAATACCGATGGCGAAGGCAGCCATCTGGCCTAATACTGACGCTGAGGTACGAAAGCATGGGGAGCAAACAGG
E_labriformis,Proteobacteria; Tepidimonas,1,Coiba_non_upwelling vs Coiba_upwelling -7.28851876739953,TACGTAGGGTGCGAGCGTTAATCGGAATTACTGGGCGTAAAGCGTGCGCAGGCGGTCTTGTAAGACAGAGGTGAAATCCCTGGGCTCAACCTAGGAATGGCCTTTGTGACTGCAAGGCTGGAGTGCGGCAGAGGGGGATGGAATTCCGCGTGTAGCAGTGAAATGCGTAGATATGCGGAGGAACACCGATGGCGAAGGCAGTCCCCTGGGCCTGCACTGACGCTCATGCACGAAAGCGTGGGGAGCAAACAGG
E_labriformis,Proteobacteria; Schlegelella,1,Coiba_non_upwelling vs Coiba_upwelling -6.34600421741186,TACGTAGGGTGCGAGCGTTAATCGGAATTACTGGGCGTAAAGCGTGCGCAGGCGGTTGTGCAAGACAGATGTGAAATCCCCGGGCTTAACCTGGGAACTGCATTTGTGACTGCACGGCTGGAGTGCGGCAGAGGGGAGTGGAATTCCGCGTGTAGCAGTGAAATGCGTAGATATGCGGAGGAACACCGATGGCGAAGGCAGCTCCCTGGGCCTGCACTGACGCTCATGCACGAAAGCGTGGGGAGCAAACAGG
E_labriformis,Proteobacteria; Vibrio.2,1,Coiba_non_upwelling vs Coiba_upwelling -6.31184298357594,TACGGAGGGTGCGAGCGTTAATCGGAATTACTGGGCGTAAAGCGCATGCAGGTGGTTAGTTAAGTCAGATGTGAAAGCCCGGGGCTCAACCTCGGAATTGCATTTGAAACTGGCTGACTAGAGTACTGTAGAGGGGGGTAGAATTTCAGGTGTAGCGGTGAAATGCGTAGAGATCTGAAGGAATACCGGTGGCGAAGGCGGCCCCCTGGACAGATACTGACACTCAGATGCGAAAGCGTGGGGAGCAAACAGG
E_labriformis,Proteobacteria; Vibrio.23,1,Las_Perlas_upwelling vs Coiba_upwelling 6.55195037761697,TACGGAGGGTGCGAGCGTTAATCGGAATTACTGGGCGTAAAGCGCATGCAGGTGGTTTGTTAAGTCAGATGTGAAAGCCCGGGGCTCAACCTCGGAACCGCATTTGAAACTGGCAGGCTAGAGTACTGTAGAGGGGGGTAGAATTTCAGGTGTAGCGGTGAAATGCGTAGAGATCTGAAGGAATACCAGTGGCGAAGGCGGCCCCCTGGACAGATACTGACACTCAGATGCGAAAGCGTGGGGAGCAAACAGG
E_labriformis,Proteobacteria; Vibrionaceae.7,1,Coiba_non_upwelling vs Coiba_upwelling -8.15550343409071,TACGGAGGGTGCGAGCGTTAATCGGAATTACTGGGCGTAAAGCGCATGCAGGCGGATGATTAAGCCAGATGTGAAAGCCCCGGGCTTAACCTGGGAATAGCATTTGGAACTGGTCATCTAGAGTCTTGTAGAGGGGGGTAGAATTTCAGGTGTAGCGGTGAAATGCGTAGAGATCTGAAGGAATACCGGTGGCGAAGGCGGCCCCCTGGACAAAGACTGACGCTCAGATGCGAAAGCGTGGGTAGCAAACAGG
E_labriformis,Proteobacteria; Shewanella.1,3,Coiba_non_upwelling vs Coiba_upwelling 13.4477744168366 ; Las_Perlas_non_upwelling vs Coiba_non_upwelling 18.2564944859387 ; Las_Perlas_upwelling vs Coiba_upwelling 34.816470503248,TACGGAGGGTCCGAGCGTTAATCGGAATTACTGGGCGTAAAGCGTGCGCAGGCGGTTTGTTAAGCGAGATGTGAAAGCCCCGGGCTCAACCTGGGAACCGCATTTCGAACTGGCGAACTAGAGTCTTGTAGAGGGGGGTAGAATTCCAGGTGTAGCGGTGAAATGCGTAGAGATCTGGAGGAATACCAGTGGCGAAGGCGGCCCCCTGGACAAAGACTGACGCTCATGCACGAAAGCGTGGGGAGCAAACAGG
E_labriformis,Bacteroidota; Cryomorphaceae.25,1,Las_Perlas_non_upwelling vs Coiba_non_upwelling -7.11495054490728,TACGGAGGATCCAAGCGTTATCCGGATTCATTGGGTTTAAAGGGTCCGTAGGCGGATTTTTAAGTCAGTGGTGAAAGCCGGCAGCTCAACTGTCGAACTGCCATTGATACTGGAAATCTTGAGTACAAATGAAGTAGGCGGAATGAGTCATGTAGCGGTGAAATGCATAGATATGACTCAGAACACCGATTGCGAAGGCAGCTTACTAACATGTAACTGACGCTGAGGGACGAAAGCGTGGGGAGCGAACAGG
E_labriformis,Bacteroidota; Macellibacteroides.2,2,Las_Perlas_non_upwelling vs Coiba_non_upwelling -17.2031349714117 ; Las_Perlas_upwelling vs Coiba_upwelling -25.1537997446734,TACGGAGGATCCAAGCGTTATCCGGATTTATTGGGTTTAAAGGGTGCGTAGGCGGTCTCTTAAGTCAGCGTTGAAAGTTTTCGGCTCAACCGGAAAATTGGCATTGAAACTGGGAGACTTGAGTGTAAATGAAGTTGGCGGAATTCGTTGTGTAGCGGTGAAATGCATAGATATAACGAAGAACTCCGATTGCGAAGGCAGCTGACTAACATACAACTGACGCTGAGGCACGAAAGCGTGGGGATCAAACAGG
E_labriformis,Bacteroidota; Odoribacter.1,4,Coiba_non_upwelling vs Coiba_upwelling -21.847409077882 ; Las_Perlas_non_upwelling vs Coiba_non_upwelling 17.7285030495749 ; Las_Perlas_non_upwelling vs Las_Perlas_upwelling 26.0063405506292 ; Las_Perlas_upwelling vs Coiba_upwelling -30.1252465789362,TACGGAGGATGCGAGCGTTATCCGGATTTATTGGGTTTAAAGGGTGCGTAGGTGGTTTAGTAAGTTAGTGGTAAAATCTTCAGGCTCAACCTGATTTAGCCATTAATACTGCTAGACTAGAGTATAGACGAGGTAGGCGGAATAAGTTAAGTAGCGGTGAAATGCTTAGATATAACTTAGAACTCCGATAGCGAAGGCAGCTTACCAGGCTATAACTGACACTGATGCACGAGAGCGTGGGTAGCGAACAGG
E_labriformis,Bacteroidota; NS4 marine group.11,1,Las_Perlas_upwelling vs Coiba_upwelling 6.04433838259279,TACGGAGGATCCAAGCGTTATCCGGAATCATTGGGTTTAAAGGGTCCGCAGGCTGTTTTTTAAGTCAGAGGTGAAATCCTGCAGCTCAACTGTAGAACTGCCTTTGATACTGGAAAACTTGAGTTATTGTGAAGTGGTTAGAATGTGTGGTGTAGCGGTGAAATGCATAGATATCACACAGAATACCGATTGCGAAGGCAGATCACTAACAATATACTGACGCTCATGGACGAAAGCGTGGGGAGCGAACAGG
E_labriformis,Bacteroidota; Saprospiraceae.18,2,Coiba_non_upwelling vs Coiba_upwelling -19.9795782464371 ; Las_Perlas_non_upwelling vs Coiba_non_upwelling 16.5866147960402,TACGGAAGGTGCAAGCGTTATCCGGAATCACTGGGTTTAAAGGGTGCGTAGGCGGTTGCGTAAGTCAGAAGTGAAAGCTCACAGCTTAACTGTGGAATTGCTTTTGATACTGCGCGACTAGAATCAGGTTGAGGTTGGCGGAATGTGACATGTAGCGGTGAAATGCATAGATATGTCATAGAACACCAATTGCGAAGGCAGCTGACTGGACCTGCATTGACGCTGAGGCACGAAAGCGTGGGGAGCGAACAGG
E_labriformis,Firmicutes; Clostridium sensu stricto 1.4,2,Las_Perlas_non_upwelling vs Coiba_non_upwelling -15.0436885400781 ; Las_Perlas_non_upwelling vs Las_Perlas_upwelling -17.8348498687593,TACGTAGGTGGCAAGCGTTGTCCGGATTTACTGGGCGTAAAGGGAGCGTAGGCGGATTTTTAAGTGGGATGTGAAATACCCGGGCTCAACCTGGGTGCTGCATTCCAAACTGGGAATCTAGAGTACAGGAGGGGAGAGTGGAATTCCTAGTGTAGCGGTGAAATGCGTAGAGATTAGGAAGAACACCAGTGGCGAAGGCGACTCTCTGGACTGTAACTGACGCTGAGGCTCGAAAGCGTGGGGAGCAAACAGG
E_labriformis,Firmicutes; Romboutsia.4,2,Coiba_non_upwelling vs Coiba_upwelling -21.5275994602825 ; Las_Perlas_non_upwelling vs Coiba_non_upwelling 16.3240736020764,TACGTAGGGGGCTAGCGTTATCCGGAATTACTGGGCGTAAAGGGTGCGTAGGTGGTTTCTTAAGTCAGAGGTGAAAGGCTACGGCTCAACCGTAGTAAGCCTTTGAAACTGAGAGACTTGAGTGCAGGAGAGGAGAGTAGAATTCCTAGTGTAGCGGTGAAATGCGTAGATATTAGGAGGAATACCAGTTGCGAAGGCGGCTCTCTGGACTGTAACTGACACTGAGGCACGAAAGCGTGGGGAGCAAACAGG
E_labriformis,Proteobacteria; Terasakiellaceae,2,Coiba_non_upwelling vs Coiba_upwelling 20.894770476158 ; Las_Perlas_upwelling vs Coiba_upwelling 25.2997174761056,TACGAAGGGGGCTAGCGTTGTTCGGAATTACTGGGCGTAAAGGGCGTGTAGGCGGATCGATCAGTTGGGGGTGAAATCCCGGGGCTCAACCCCGGAACGGCCTTCAATACTGTTGGTCTTGAGATTGTGAGAGGATAGCGGAATACCCAGTGTAGAGGTGAAATTCGTAGAGATTGGGTAGAACACCAGTGGCGAAGGCGGCTATCTGGCGCAATACTGACGCTGATGCGCGAAAGCGTGGGGAGCAAACAGG
E_labriformis,Proteobacteria; PS1 clade.2,1,Las_Perlas_non_upwelling vs Coiba_non_upwelling 5.73529564337615,TACGGAGGGGGCTAGCGTTGTTCGGAATCACTGGGCGTAAAGCGCGCGTAGGCGGACTGATTAGTTGGGGGTGAAAGCCCGGAGCTCAACTCCGGAACTGCCTTCAATACTGTCAGTCTTGAGGTCGAGAGAGGTAAGTGGAATTCCGAGTGTAGAGGTGAAATTCGTAGATATTCGGAAGAACACCAGTGGCGAAGGCGACTTACTGGCTCGATTCTGACGCTGAGGTGCGAAAGCGTGGGGAGCAAACAGG
E_labriformis,Proteobacteria; SAR116 clade.29,1,Las_Perlas_upwelling vs Coiba_upwelling 6.13261158235056,TACGAAGGGGGCGAGCGTTATTCGGAATTATTGGGCGTAAAGGGCTCGCAGGCTGCTTGAACAGTTAGACGTGAAATCCCCGGGCTTAACCTGGGAACTGCGTTTAATACTAGCAAGCTAGAGAAATAGAGAGGAAAGTGGAACTCCCAGTGTAGAGGTGAAATTCGTAGATATTGGGAAGAACACCAGTGGCGAAAGCGACTTTCTGGCTATTTTCTGACGCTGAGGAGCGAAAGCGTGGGGAGCAAACAGG
E_labriformis,Proteobacteria; Gammaproteobacteria.121,2,Las_Perlas_non_upwelling vs Coiba_non_upwelling -5.41026350044229 ; Las_Perlas_non_upwelling vs Las_Perlas_upwelling -6.49213303902525,TACGGAGGGTCCAAGCGTTAATCGGAATTACTGGGCGTAAAGCGCGCGTAGGCGGCTTGTTAAGTCAGATGTGAAAGCCCCGGGCTCAACCTGGGAACTGCATTTGAAACTGGCAAGCTAGAGTGTGTGAGAGGTGAGTGGAATTTCCAGTGTAGCGGTGAAATGCGTAGAGATTGGAAGGAACATCAGTGGCGAAGGCGACTCACTGGCATAACACTGACGCTGAGGTGCGAAAGCGTGGGTAGCAAACAGG
C_colonus,Proteobacteria; Thalassolituus,2,Las_Perlas_non_upwelling vs Las_Perlas_upwelling 24.1847372562984 ; Las_Perlas_upwelling vs Coiba_upwelling -24.6334296476302,TACGGAGGGTGCAAGCGTTAATCGGAATTACTGGGCGTAAAGCGCGCGTAGGTTGCTTGTTAAGCGAGATGTGAAAGCCCCGGGCTTAACCTGGGAACTGCATTTCGAACTGGCAGGCTAGAGTACAGTAGAGGGTAGTGGAATTTCCTGTGTAGCGGTGAAATGCGTAGAGATGGGAAGGAACATCAGTGGCGAAGGCGACTGCCTGGACTGATACTGACACTGAGGTGCGAAAGCGTGGGGAGCGAACAGG
C_colonus,Proteobacteria; Endozoicomonas.14,2,Las_Perlas_non_upwelling vs Coiba_non_upwelling -23.5001073196966 ; Las_Perlas_upwelling vs Coiba_upwelling -25.585414379134,TACGGAGGGTGCAAGCGTTAATCGGAATTACTGGGCGTAAAGCGTGCGTAGGCGGCTGCCTAAGTTGGATGTGAAAGCCCCGGGCTCAACCTGGGAACTGCATCCAAAACTGGGTAGCTAGAGTGCGGAAGAGGAGTGTGGAATTTCCTGTGTAGCGGTGAAATGCGTAGATATAGGAAGGAACACCAGTGGCGAAGGCGACACTCTGGTCTGACACTGACGCTGAGGTACGAAAGCGTGGGGAGCAAACAGG
C_colonus,Proteobacteria; Comamonadaceae.1,2,Las_Perlas_non_upwelling vs Las_Perlas_upwelling 21.1214908207703 ; Las_Perlas_upwelling vs Coiba_upwelling -23.2649153414918,TACGTAGGGTGCGAGCGTTAATCGGAATTACTGGGCGTAAAGCGTGCGCAGGCGGCTATGTAAGACAGGTGTGAAATCCCCGGGCTTAACCTGGGAATGGCATTTGTGACTGGATAGCTAGAGTGTGGCAGAGGGGAATGGAATTCCGCGTGTAGCAGTGAAATGCGTAGATATGCGGAGGAACACCGATGGCGAAGGCAGTTCCCTGGGCCTGCACTGACGCTCATGCACGAAAGCGTGGGGAGCAAACAGG
C_colonus,Proteobacteria; Proteobacteria.4,2,Las_Perlas_non_upwelling vs Las_Perlas_upwelling 19.30365358396 ; Las_Perlas_upwelling vs Coiba_upwelling -22.5329169085518,TCCCAGCTCCAAGAGCACATCTTTACATTGGCTACAGTTAAAAAGCTTGCAGTTTGGGGTGCCTAGTAACTCTGTGGTTAGGGTGGTGGGTGTCCCCTGTGTAAAGACATTGTCCTTGCCATAGCAGTTGTGGGTTCAATTCCAGCCTGCAACCATTTACTGCATATCATCCTCCCCTCTCTCCCCCTTTCACAATTAATCTGTGCTGTCAAATAAAAAGCAGAAAAGAGGTGAAATTCTTGGACTGGTGCGAGATGGACGAAAGCAAAAGCATTTGCCAAAAATGATTTCATTATTGAAGCACAAAAGTTGGAGACA
C_colonus,Cyanobacteria; Prochlorococcus MIT9313,1,Las_Perlas_non_upwelling vs Las_Perlas_upwelling 5.42484107071647,TACGGGAGTGGCAAGCGTTATCCGGAATTATTGGGCGTAAAGCGTCCGCAGGCGGCTTTTCAAGTCTGCTGTTAAAGCGTGGAGCTTAACTCCATCATGGCAGTGGAAACTGAAAGGCTTGAGTATGGTAGGGGCAGAGGGAATTCCCGGTGTAGCGGTGAAATGCGTAGATATCGGGAAGAACACCAGTGGCGAAGGCGCTCTGCTGGGCCATTACTGACGCTCATGGACGAAAGCCAGGGGAGCGAAAGGG
C_colonus,Cyanobacteria; Synechococcus CC9902.8,2,Las_Perlas_non_upwelling vs Coiba_non_upwelling -21.7297541118816 ; Las_Perlas_non_upwelling vs Las_Perlas_upwelling -22.435736203348,TACGGGAGTGGCAAGCGTTATCCGGAATTATTGGGCGTAAAGCGTCCGCAGGCGGCCCTTCAAGTCTGCTGTTAAAAAGTGGAGCTTAACTCCATCATGGCAGTGGAAACTGTTGGGCTTGAGTGTGGTAGGGGCAGAGGGAATTCCCGGTGTAGCGGTGAAATGCGTAGATATCGGGAAGAACACCAGTGGCGAAGGCGCTCTGCTGGGCCATCACTGACGCTCATGGACGAAAGCAAGGGGAGCGAAAGGG
C_colonus,Fusobacteriota; Cetobacterium.4,2,Las_Perlas_non_upwelling vs Las_Perlas_upwelling 23.260309258888 ; Las_Perlas_upwelling vs Coiba_upwelling -18.0811470229951,TACGTATGTCGCAAGCGTTATCCGGATTTATTGGGCGTAAAGCGCGTCTAGGCGGGAAAGAAAGTCTGATGTGAAAATGCGGGGCTCAACTCCGTATTGCGTTGGAAACTACTTTTCTAGAGTATCAGAGAGGTGGGCGGAACTACAAGTGTAGAGGTGAAATTCGTAGATATTTGTAGGAATGCCGATGGAGAAGTCAGCTCACTGGATGAATACTGACGCTAAAGCGCGAAAGCGTGGGGAGCAAACAGG
C_colonus,Proteobacteria; Rhodobacteraceae.68,2,Coiba_non_upwelling vs Coiba_upwelling -23.7443031821597 ; Las_Perlas_non_upwelling vs Coiba_non_upwelling 23.5512387784068,TACGGAGGGGGTTAGCGTTGTTCGGAATTACTGGGCGTAAAGCGCACGTAGGCGGATTGGAAAGTTGGGGGTGAAATCCCAGGGCTCAACCCTGGAACGGCCTCCAAAACTATCAGTCTAGAGTTCGAGAGAGGTGAGTGGAATTCCAAGTGTAGAGGTGAAATTCGTAGATATTTGGAGGAACACCAGTGGCGAAGGCGGCTCACTGGCTCGATACTGACGCTGAGGTGCGAAAGCGTGGGGAGCAAACAGG
C_colonus,Proteobacteria; Ascidiaceihabitans.4,2,Las_Perlas_non_upwelling vs Coiba_non_upwelling -19.7999120425902 ; Las_Perlas_non_upwelling vs Las_Perlas_upwelling -18.6920271145551,TACGGAGGGGGTTAGCGTTGTTCGGAATTACTGGGCGTAAAGCGCGCGTAGGCGGATTGGAAAGTTAGAGGTGAAATCCCGGGGCTCAACCCCGGAACTGCCTTTAAAACTCCCAGTCTAGAGTTCGAGAGAGGTGAGTGGAATTCCAAGTGTAGAGGTGAAATTCGTAGATATTTGGAGGAACACCAGTGGCGAAGGCGGCTCACTGGCTCGATACTGACGCTGAGGTGCGAAAGTGTGGGGAGCAAACAGG
