code,RRR,Extraction,ocean,region,site,date,season,time,sample,preservative,species,sister_pair,individual,fish#,totalWT,guttedWT,totalLength,standardLength,gutLength,gonadWT,liverWT,RelativeGutLength(GL/SL),sex,eggs,head_shot,gut_shot,sequencing code,Phased F primer ID,Phased R primer ID,Phased F primer seq,Phased F primer seq only,Phased R primer seq,Phased R primer seq only,Index F primer ID,Index F primer seq,Index F only,Index R primer ID,Index R primer seq,Index R only,Index R only (reverse complemented)
6025,6025,ML_03987,Pacific,Las Perlas,Contadora,2021-08-30,non-upwelling,,Water,neg80C,NA,NA,NA,NA,NA,NA,NA,NA,NA,NA,NA,NA,NA,NA,NA,NA,16S-NV09-6025,515F_IL2N,806R_IL2N,CACTCTTTCCCTACACGACGCTCTTCCGATCTTAGTGYCAGCMGCCGCGGTAA,TAGTGYCAGCMGCCGCGGTAA,GTGACTGGAGTTCAGACGTGTGCTCTTCCGATCTCTGGACTACNVGGGTWTCTAAT,CTGGACTACNVGGGTWTCTAAT,SD501F,AATGATACGGCGACCACCGAGATCTACACAAGCAGCAACACTCTTTCCCTACACGAC,AAGCAGCA,SD701R,CAAGCAGAAGACGGCATACGAGATACCTAGTAGTGACTGGAGTTCAGACGTGTGCTCTTCCGATCT,ACCTAGTA,tactaggt
6030,6030,ML_03991,Pacific,Las Perlas,Contadora,2021-08-30,non-upwelling,,Water,neg80C,NA,NA,NA,NA,NA,NA,NA,NA,NA,NA,NA,NA,NA,NA,NA,NA,16S-NV09-6030,515F_IL2N,806R_IL2N,CACTCTTTCCCTACACGACGCTCTTCCGATCTTAGTGYCAGCMGCCGCGGTAA,TAGTGYCAGCMGCCGCGGTAA,GTGACTGGAGTTCAGACGTGTGCTCTTCCGATCTCTGGACTACNVGGGTWTCTAAT,CTGGACTACNVGGGTWTCTAAT,SD501F,AATGATACGGCGACCACCGAGATCTACACAAGCAGCAACACTCTTTCCCTACACGAC,AAGCAGCA,SD702R,CAAGCAGAAGACGGCATACGAGATACGTACGTGTGACTGGAGTTCAGACGTGTGCTCTTCCGATCT,ACGTACGT,acgtacgt
6035,6035,ML_03996,Pacific,Las Perlas,Saboga,2021-08-31,non-upwelling,,Water,neg80C,NA,NA,NA,NA,NA,NA,NA,NA,NA,NA,NA,NA,NA,NA,NA,NA,16S-NV09-6035,515F_IL2N,806R_IL2N,CACTCTTTCCCTACACGACGCTCTTCCGATCTTAGTGYCAGCMGCCGCGGTAA,TAGTGYCAGCMGCCGCGGTAA,GTGACTGGAGTTCAGACGTGTGCTCTTCCGATCTCTGGACTACNVGGGTWTCTAAT,CTGGACTACNVGGGTWTCTAAT,SD501F,AATGATACGGCGACCACCGAGATCTACACAAGCAGCAACACTCTTTCCCTACACGAC,AAGCAGCA,SD703R,CAAGCAGAAGACGGCATACGAGATATATCGCGGTGACTGGAGTTCAGACGTGTGCTCTTCCGATCT,ATATCGCG,cgcgatat
6040,6040,ML_04000,Pacific,Las Perlas,Saboga,2021-08-31,non-upwelling,,Water,neg80C,NA,NA,NA,NA,NA,NA,NA,NA,NA,NA,NA,NA,NA,NA,NA,NA,16S-NV09-6040,515F_IL2N,806R_IL2N,CACTCTTTCCCTACACGACGCTCTTCCGATCTTAGTGYCAGCMGCCGCGGTAA,TAGTGYCAGCMGCCGCGGTAA,GTGACTGGAGTTCAGACGTGTGCTCTTCCGATCTCTGGACTACNVGGGTWTCTAAT,CTGGACTACNVGGGTWTCTAAT,SD502F,AATGATACGGCGACCACCGAGATCTACACACGCGTGAACACTCTTTCCCTACACGAC,ACGCGTGA,SD701R,CAAGCAGAAGACGGCATACGAGATACCTAGTAGTGACTGGAGTTCAGACGTGTGCTCTTCCGATCT,ACCTAGTA,tactaggt
6045,6045,ML_04162,Pacific,Las Perlas,Mogo Mogo,2021-09-01,non-upwelling,,Water,neg80C,NA,NA,NA,NA,NA,NA,NA,NA,NA,NA,NA,NA,NA,NA,NA,NA,16S-NV09-6045,515F_IL2N,806R_IL2N,CACTCTTTCCCTACACGACGCTCTTCCGATCTTAGTGYCAGCMGCCGCGGTAA,TAGTGYCAGCMGCCGCGGTAA,GTGACTGGAGTTCAGACGTGTGCTCTTCCGATCTCTGGACTACNVGGGTWTCTAAT,CTGGACTACNVGGGTWTCTAAT,SD502F,AATGATACGGCGACCACCGAGATCTACACACGCGTGAACACTCTTTCCCTACACGAC,ACGCGTGA,SD702R,CAAGCAGAAGACGGCATACGAGATACGTACGTGTGACTGGAGTTCAGACGTGTGCTCTTCCGATCT,ACGTACGT,acgtacgt
6050,6050,ML_04166,Pacific,Las Perlas,Mogo Mogo,2021-09-01,non-upwelling,,Water,neg80C,NA,NA,NA,NA,NA,NA,NA,NA,NA,NA,NA,NA,NA,NA,NA,NA,16S-NV09-6050,515F_IL2N,806R_IL2N,CACTCTTTCCCTACACGACGCTCTTCCGATCTTAGTGYCAGCMGCCGCGGTAA,TAGTGYCAGCMGCCGCGGTAA,GTGACTGGAGTTCAGACGTGTGCTCTTCCGATCTCTGGACTACNVGGGTWTCTAAT,CTGGACTACNVGGGTWTCTAAT,SD502F,AATGATACGGCGACCACCGAGATCTACACACGCGTGAACACTCTTTCCCTACACGAC,ACGCGTGA,SD703R,CAAGCAGAAGACGGCATACGAGATATATCGCGGTGACTGGAGTTCAGACGTGTGCTCTTCCGATCT,ATATCGCG,cgcgatat
6005,6005,ML_04205,Pacific,Coiba,Canales de Afuera,2021-08-19,non-upwelling,,Water,neg80C,NA,NA,NA,NA,NA,NA,NA,NA,NA,NA,NA,NA,NA,NA,NA,NA,16S-NV09-6005,515F_IL2N,806R_IL2N,CACTCTTTCCCTACACGACGCTCTTCCGATCTTAGTGYCAGCMGCCGCGGTAA,TAGTGYCAGCMGCCGCGGTAA,GTGACTGGAGTTCAGACGTGTGCTCTTCCGATCTCTGGACTACNVGGGTWTCTAAT,CTGGACTACNVGGGTWTCTAAT,SD503F,AATGATACGGCGACCACCGAGATCTACACCGATCTACACACTCTTTCCCTACACGAC,CGATCTAC,SD701R,CAAGCAGAAGACGGCATACGAGATACCTAGTAGTGACTGGAGTTCAGACGTGTGCTCTTCCGATCT,ACCTAGTA,tactaggt
6010,6010,ML_04209,Pacific,Coiba,Bahia Damas,2021-08-21,non-upwelling,,Water,neg80C,NA,NA,NA,NA,NA,NA,NA,NA,NA,NA,NA,NA,NA,NA,NA,NA,16S-NV09-6010,515F_IL2N,806R_IL2N,CACTCTTTCCCTACACGACGCTCTTCCGATCTTAGTGYCAGCMGCCGCGGTAA,TAGTGYCAGCMGCCGCGGTAA,GTGACTGGAGTTCAGACGTGTGCTCTTCCGATCTCTGGACTACNVGGGTWTCTAAT,CTGGACTACNVGGGTWTCTAAT,SD503F,AATGATACGGCGACCACCGAGATCTACACCGATCTACACACTCTTTCCCTACACGAC,CGATCTAC,SD702R,CAAGCAGAAGACGGCATACGAGATACGTACGTGTGACTGGAGTTCAGACGTGTGCTCTTCCGATCT,ACGTACGT,acgtacgt
6015,6015,ML_04213,Pacific,Coiba,Granito de Oro,2021-08-21,non-upwelling,,Water,neg80C,NA,NA,NA,NA,NA,NA,NA,NA,NA,NA,NA,NA,NA,NA,NA,NA,16S-NV09-6015,515F_IL2N,806R_IL2N,CACTCTTTCCCTACACGACGCTCTTCCGATCTTAGTGYCAGCMGCCGCGGTAA,TAGTGYCAGCMGCCGCGGTAA,GTGACTGGAGTTCAGACGTGTGCTCTTCCGATCTCTGGACTACNVGGGTWTCTAAT,CTGGACTACNVGGGTWTCTAAT,SD503F,AATGATACGGCGACCACCGAGATCTACACCGATCTACACACTCTTTCCCTACACGAC,CGATCTAC,SD703R,CAAGCAGAAGACGGCATACGAGATATATCGCGGTGACTGGAGTTCAGACGTGTGCTCTTCCGATCT,ATATCGCG,cgcgatat
6020,6020,ML_04217,Pacific,Coiba,Uvas,2021-08-23,non-upwelling,,Water,neg80C,NA,NA,NA,NA,NA,NA,NA,NA,NA,NA,NA,NA,NA,NA,NA,NA,16S-NV09-6020,515F_IL2N,806R_IL2N,CACTCTTTCCCTACACGACGCTCTTCCGATCTTAGTGYCAGCMGCCGCGGTAA,TAGTGYCAGCMGCCGCGGTAA,GTGACTGGAGTTCAGACGTGTGCTCTTCCGATCTCTGGACTACNVGGGTWTCTAAT,CTGGACTACNVGGGTWTCTAAT,SD504F,AATGATACGGCGACCACCGAGATCTACACTGCGTCACACACTCTTTCCCTACACGAC,TGCGTCAC,SD701R,CAAGCAGAAGACGGCATACGAGATACCTAGTAGTGACTGGAGTTCAGACGTGTGCTCTTCCGATCT,ACCTAGTA,tactaggt
6055,6055,ML_04354,Pacific,Las Perlas,Saboga,2022-03-22,upwelling,,Water,neg80C,NA,NA,NA,NA,NA,NA,NA,NA,NA,NA,NA,NA,NA,NA,NA,NA,16S-NV09-6055,515F_IL2N,806R_IL2N,CACTCTTTCCCTACACGACGCTCTTCCGATCTTAGTGYCAGCMGCCGCGGTAA,TAGTGYCAGCMGCCGCGGTAA,GTGACTGGAGTTCAGACGTGTGCTCTTCCGATCTCTGGACTACNVGGGTWTCTAAT,CTGGACTACNVGGGTWTCTAAT,SD504F,AATGATACGGCGACCACCGAGATCTACACTGCGTCACACACTCTTTCCCTACACGAC,TGCGTCAC,SD702R,CAAGCAGAAGACGGCATACGAGATACGTACGTGTGACTGGAGTTCAGACGTGTGCTCTTCCGATCT,ACGTACGT,acgtacgt
6060,6060,ML_04355,Pacific,Las Perlas,Mogo Mogo,2022-03-24,upwelling,,Water,neg80C,NA,NA,NA,NA,NA,NA,NA,NA,NA,NA,NA,NA,NA,NA,NA,NA,16S-NV09-6060,515F_IL2N,806R_IL2N,CACTCTTTCCCTACACGACGCTCTTCCGATCTTAGTGYCAGCMGCCGCGGTAA,TAGTGYCAGCMGCCGCGGTAA,GTGACTGGAGTTCAGACGTGTGCTCTTCCGATCTCTGGACTACNVGGGTWTCTAAT,CTGGACTACNVGGGTWTCTAAT,SD504F,AATGATACGGCGACCACCGAGATCTACACTGCGTCACACACTCTTTCCCTACACGAC,TGCGTCAC,SD703R,CAAGCAGAAGACGGCATACGAGATATATCGCGGTGACTGGAGTTCAGACGTGTGCTCTTCCGATCT,ATATCGCG,cgcgatat
6065,6065,ML_04356,Pacific,Las Perlas,Contadora,2022-03-25,upwelling,,Water,neg80C,NA,NA,NA,NA,NA,NA,NA,NA,NA,NA,NA,NA,NA,NA,NA,NA,16S-NV09-6065,515F_IL2N,806R_IL2N,CACTCTTTCCCTACACGACGCTCTTCCGATCTTAGTGYCAGCMGCCGCGGTAA,TAGTGYCAGCMGCCGCGGTAA,GTGACTGGAGTTCAGACGTGTGCTCTTCCGATCTCTGGACTACNVGGGTWTCTAAT,CTGGACTACNVGGGTWTCTAAT,SD505F,AATGATACGGCGACCACCGAGATCTACACGTCTAGTGACACTCTTTCCCTACACGAC,GTCTAGTG,SD701R,CAAGCAGAAGACGGCATACGAGATACCTAGTAGTGACTGGAGTTCAGACGTGTGCTCTTCCGATCT,ACCTAGTA,tactaggt
6070,6070,ML_04357,Pacific,Las Perlas,Contadora,2022-03-25,upwelling,,Water,neg80C,NA,NA,NA,NA,NA,NA,NA,NA,NA,NA,NA,NA,NA,NA,NA,NA,16S-NV09-6070,515F_IL2N,806R_IL2N,CACTCTTTCCCTACACGACGCTCTTCCGATCTTAGTGYCAGCMGCCGCGGTAA,TAGTGYCAGCMGCCGCGGTAA,GTGACTGGAGTTCAGACGTGTGCTCTTCCGATCTCTGGACTACNVGGGTWTCTAAT,CTGGACTACNVGGGTWTCTAAT,SD505F,AATGATACGGCGACCACCGAGATCTACACGTCTAGTGACACTCTTTCCCTACACGAC,GTCTAGTG,SD702R,CAAGCAGAAGACGGCATACGAGATACGTACGTGTGACTGGAGTTCAGACGTGTGCTCTTCCGATCT,ACGTACGT,acgtacgt
21585,21585,ML_04358,Pacific,Coiba,Canales de Afuera,2022-04-19,upwelling,,Water,neg80C,NA,NA,NA,NA,NA,NA,NA,NA,NA,NA,NA,NA,NA,NA,NA,NA,16S-NV09-21585,515F_IL2N,806R_IL2N,CACTCTTTCCCTACACGACGCTCTTCCGATCTTAGTGYCAGCMGCCGCGGTAA,TAGTGYCAGCMGCCGCGGTAA,GTGACTGGAGTTCAGACGTGTGCTCTTCCGATCTCTGGACTACNVGGGTWTCTAAT,CTGGACTACNVGGGTWTCTAAT,SD505F,AATGATACGGCGACCACCGAGATCTACACGTCTAGTGACACTCTTTCCCTACACGAC,GTCTAGTG,SD703R,CAAGCAGAAGACGGCATACGAGATATATCGCGGTGACTGGAGTTCAGACGTGTGCTCTTCCGATCT,ATATCGCG,cgcgatat
21589,21589,ML_04359,Pacific,Coiba,Uvas,2022-04-20,upwelling,,Water,neg80C,NA,NA,NA,NA,NA,NA,NA,NA,NA,NA,NA,NA,NA,NA,NA,NA,16S-NV09-21589,515F_IL2N,806R_IL2N,CACTCTTTCCCTACACGACGCTCTTCCGATCTTAGTGYCAGCMGCCGCGGTAA,TAGTGYCAGCMGCCGCGGTAA,GTGACTGGAGTTCAGACGTGTGCTCTTCCGATCTCTGGACTACNVGGGTWTCTAAT,CTGGACTACNVGGGTWTCTAAT,SD506F,AATGATACGGCGACCACCGAGATCTACACCTAGTATGACACTCTTTCCCTACACGAC,CTAGTATG,SD701R,CAAGCAGAAGACGGCATACGAGATACCTAGTAGTGACTGGAGTTCAGACGTGTGCTCTTCCGATCT,ACCTAGTA,tactaggt
21593,21593,ML_04360,Pacific,Coiba,Bahia Damas,2022-04-21,upwelling,,Water,neg80C,NA,NA,NA,NA,NA,NA,NA,NA,NA,NA,NA,NA,NA,NA,NA,NA,16S-NV09-21593,515F_IL2N,806R_IL2N,CACTCTTTCCCTACACGACGCTCTTCCGATCTTAGTGYCAGCMGCCGCGGTAA,TAGTGYCAGCMGCCGCGGTAA,GTGACTGGAGTTCAGACGTGTGCTCTTCCGATCTCTGGACTACNVGGGTWTCTAAT,CTGGACTACNVGGGTWTCTAAT,SD506F,AATGATACGGCGACCACCGAGATCTACACCTAGTATGACACTCTTTCCCTACACGAC,CTAGTATG,SD702R,CAAGCAGAAGACGGCATACGAGATACGTACGTGTGACTGGAGTTCAGACGTGTGCTCTTCCGATCT,ACGTACGT,acgtacgt
21597,21597,ML_04361,Pacific,Coiba,Granito de Oro,2022-04-29,upwelling,,Water,neg80C,NA,NA,NA,NA,NA,NA,NA,NA,NA,NA,NA,NA,NA,NA,NA,NA,16S-NV09-21597,515F_IL2N,806R_IL2N,CACTCTTTCCCTACACGACGCTCTTCCGATCTTAGTGYCAGCMGCCGCGGTAA,TAGTGYCAGCMGCCGCGGTAA,GTGACTGGAGTTCAGACGTGTGCTCTTCCGATCTCTGGACTACNVGGGTWTCTAAT,CTGGACTACNVGGGTWTCTAAT,SD506F,AATGATACGGCGACCACCGAGATCTACACCTAGTATGACACTCTTTCCCTACACGAC,CTAGTATG,SD703R,CAAGCAGAAGACGGCATACGAGATATATCGCGGTGACTGGAGTTCAGACGTGTGCTCTTCCGATCT,ATATCGCG,cgcgatat
21601,21601,ML_04362,Pacific,Coiba,Machete,2022-04-29,upwelling,,Water,neg80C,NA,NA,NA,NA,NA,NA,NA,NA,NA,NA,NA,NA,NA,NA,NA,NA,16S-NV09-21601,515F_IL2N,806R_IL2N,CACTCTTTCCCTACACGACGCTCTTCCGATCTTAGTGYCAGCMGCCGCGGTAA,TAGTGYCAGCMGCCGCGGTAA,GTGACTGGAGTTCAGACGTGTGCTCTTCCGATCTCTGGACTACNVGGGTWTCTAAT,CTGGACTACNVGGGTWTCTAAT,SD507F,AATGATACGGCGACCACCGAGATCTACACGATAGCGTACACTCTTTCCCTACACGAC,GATAGCGT,SD701R,CAAGCAGAAGACGGCATACGAGATACCTAGTAGTGACTGGAGTTCAGACGTGTGCTCTTCCGATCT,ACCTAGTA,tactaggt
control-ext-1,NA,ML_04363,Pacific,NA,Control,2022-06-30,Control,NA,Control,neg80C,NA,NA,NA,NA,NA,NA,NA,NA,NA,NA,NA,NA,NA,NA,NA,NA,16S-NV09-control-ext-1,515F_IL2N,806R_IL2N,CACTCTTTCCCTACACGACGCTCTTCCGATCTTAGTGYCAGCMGCCGCGGTAA,TAGTGYCAGCMGCCGCGGTAA,GTGACTGGAGTTCAGACGTGTGCTCTTCCGATCTCTGGACTACNVGGGTWTCTAAT,CTGGACTACNVGGGTWTCTAAT,SD507F,AATGATACGGCGACCACCGAGATCTACACGATAGCGTACACTCTTTCCCTACACGAC,GATAGCGT,SD702R,CAAGCAGAAGACGGCATACGAGATACGTACGTGTGACTGGAGTTCAGACGTGTGCTCTTCCGATCT,ACGTACGT,acgtacgt
control-ext-2,NA,ML_03992,Pacific,NA,Control,2021-10-28,Control,NA,Control,NA,NA,NA,NA,NA,NA,NA,NA,NA,NA,NA,NA,NA,NA,NA,NA,NA,16S-NV09-control-ext-2,515F_IL2N,806R_IL2N,CACTCTTTCCCTACACGACGCTCTTCCGATCTTAGTGYCAGCMGCCGCGGTAA,TAGTGYCAGCMGCCGCGGTAA,GTGACTGGAGTTCAGACGTGTGCTCTTCCGATCTCTGGACTACNVGGGTWTCTAAT,CTGGACTACNVGGGTWTCTAAT,SD507F,AATGATACGGCGACCACCGAGATCTACACGATAGCGTACACTCTTTCCCTACACGAC,GATAGCGT,SD703R,CAAGCAGAAGACGGCATACGAGATATATCGCGGTGACTGGAGTTCAGACGTGTGCTCTTCCGATCT,ATATCGCG,cgcgatat
control-ext-3,NA,ML_04001,Pacific,NA,Control,2021-10-29,Control,NA,Control,NA,NA,NA,NA,NA,NA,NA,NA,NA,NA,NA,NA,NA,NA,NA,NA,NA,16S-NV09-control-ext-3,515F_IL2N,806R_IL2N,CACTCTTTCCCTACACGACGCTCTTCCGATCTTAGTGYCAGCMGCCGCGGTAA,TAGTGYCAGCMGCCGCGGTAA,GTGACTGGAGTTCAGACGTGTGCTCTTCCGATCTCTGGACTACNVGGGTWTCTAAT,CTGGACTACNVGGGTWTCTAAT,SD508F,AATGATACGGCGACCACCGAGATCTACACTCTACACTACACTCTTTCCCTACACGAC,TCTACACT,SD701R,CAAGCAGAAGACGGCATACGAGATACCTAGTAGTGACTGGAGTTCAGACGTGTGCTCTTCCGATCT,ACCTAGTA,tactaggt
control-ext-4,NA,ML_04167,Pacific,NA,Control,2021-09-11,Control,NA,Control,NA,NA,NA,NA,NA,NA,NA,NA,NA,NA,NA,NA,NA,NA,NA,NA,NA,16S-NV09-control-ext-4,515F_IL2N,806R_IL2N,CACTCTTTCCCTACACGACGCTCTTCCGATCTTAGTGYCAGCMGCCGCGGTAA,TAGTGYCAGCMGCCGCGGTAA,GTGACTGGAGTTCAGACGTGTGCTCTTCCGATCTCTGGACTACNVGGGTWTCTAAT,CTGGACTACNVGGGTWTCTAAT,SD508F,AATGATACGGCGACCACCGAGATCTACACTCTACACTACACTCTTTCCCTACACGAC,TCTACACT,SD702R,CAAGCAGAAGACGGCATACGAGATACGTACGTGTGACTGGAGTTCAGACGTGTGCTCTTCCGATCT,ACGTACGT,acgtacgt
control-pcr,NA,NA,NA,NA,Control,2022-08-23,Control,NA,Control,NA,NA,NA,NA,NA,NA,NA,NA,NA,NA,NA,NA,NA,NA,NA,NA,NA,16S-NV09-control-pcr,515F_IL2N,806R_IL2N,CACTCTTTCCCTACACGACGCTCTTCCGATCTTAGTGYCAGCMGCCGCGGTAA,TAGTGYCAGCMGCCGCGGTAA,GTGACTGGAGTTCAGACGTGTGCTCTTCCGATCTCTGGACTACNVGGGTWTCTAAT,CTGGACTACNVGGGTWTCTAAT,SD508F,AATGATACGGCGACCACCGAGATCTACACTCTACACTACACTCTTTCCCTACACGAC,TCTACACT,SD703R,CAAGCAGAAGACGGCATACGAGATATATCGCGGTGACTGGAGTTCAGACGTGTGCTCTTCCGATCT,ATATCGCG,cgcgatat