host_species,Taxonomy,ASV_sequence,contrast,fish_log2FC,water_log2FC,same_direction
P_laticlavius,Bacteroidota; Aurantivirga.2,TACGGAGGGTGCAAGCGTTATCCGGAATCATTGGGTTTAAAGGGTCCGCAGGCGGTCAATTAAGTCAGAGGTGAAATCCCATAGCTTAACTATGGAACTGCCTTTGATACTGGTTGACTTGAGTTATACGGAAGTAGATAGAATGTGTAGTGTAGCGGTGAAATGCATAGATATTACACAGAATACCGATTGCGAAGGCAGTCTACTACGTATATACTGACGCTCATGGACGAAAGCGTGGGGAGCGAACAGG,Las_Perlas_non_upwelling vs Las_Perlas_upwelling,-7.62880863599527,-5.67945322697498,TRUE
P_laticlavius,Bacteroidota; Aurantivirga.2,TACGGAGGGTGCAAGCGTTATCCGGAATCATTGGGTTTAAAGGGTCCGCAGGCGGTCAATTAAGTCAGAGGTGAAATCCCATAGCTTAACTATGGAACTGCCTTTGATACTGGTTGACTTGAGTTATACGGAAGTAGATAGAATGTGTAGTGTAGCGGTGAAATGCATAGATATTACACAGAATACCGATTGCGAAGGCAGTCTACTACGTATATACTGACGCTCATGGACGAAAGCGTGGGGAGCGAACAGG,Las_Perlas_upwelling vs Coiba_upwelling,7.53320725289091,3.59295864957222,TRUE
A_xanthopterus,Bacteroidota; NS4 marine group.5,TACGGAGGATCCAAGCGTTATCCGGAATCATTGGGTTTAAAGGGTCCGCAGGCTGTTTTTTAAGTCAGAGGTGAAATCCTGCAGCTCAACTGTAGAACTGCCTTTGATACTGGAAAACTTGAGTTATTGTGAAGTGGTTAGAATGTGTGGTGTAGCGGTGAAATGCATAGATATCACACAGAATACCGATTGCGAAGGCAGATCACTAACAATATACTGACGCTCATGGACGAAAGCGTGGGGAGCGAACAGG,Las_Perlas_upwelling vs Coiba_upwelling,7.23662463508289,2.55553037493529,TRUE
P_laticlavius,Bacteroidota; NS4 marine group.5,TACGGAGGATCCAAGCGTTATCCGGAATCATTGGGTTTAAAGGGTCCGCAGGCTGTTTTTTAAGTCAGAGGTGAAATCCTGCAGCTCAACTGTAGAACTGCCTTTGATACTGGAAAACTTGAGTTATTGTGAAGTGGTTAGAATGTGTGGTGTAGCGGTGAAATGCATAGATATCACACAGAATACCGATTGCGAAGGCAGATCACTAACAATATACTGACGCTCATGGACGAAAGCGTGGGGAGCGAACAGG,Las_Perlas_non_upwelling vs Las_Perlas_upwelling,-6.30505480273099,-5.64627831436764,TRUE
E_labriformis,Bacteroidota; NS4 marine group.5,TACGGAGGATCCAAGCGTTATCCGGAATCATTGGGTTTAAAGGGTCCGCAGGCTGTTTTTTAAGTCAGAGGTGAAATCCTGCAGCTCAACTGTAGAACTGCCTTTGATACTGGAAAACTTGAGTTATTGTGAAGTGGTTAGAATGTGTGGTGTAGCGGTGAAATGCATAGATATCACACAGAATACCGATTGCGAAGGCAGATCACTAACAATATACTGACGCTCATGGACGAAAGCGTGGGGAGCGAACAGG,Las_Perlas_upwelling vs Coiba_upwelling,6.04433838259279,2.55553037493529,TRUE
P_laticlavius,Bacteroidota; NS4 marine group.8,TACGGAGGATCCAAGCGTTATCCGGAATTATTGGGTTTAAAGGGTCCGCAGGCGGTCTATTAAGTCAGAGGTGAAATCTTGCAGCTCAACTGTAAAATTGCCTTTGATACTGGTAGACTTGAGTCATTGTGAAGTGGTTAGAATGTGTGGTGTAGCGGTGAAATGCATAGATATCACACAGAATACCAATTGCGAAGGCAGATCACTAACAATGTACTGACGCTCATGGACGAAAGCGTGGGGAGCGAACAGG,Las_Perlas_upwelling vs Coiba_upwelling,3.07716654677037,1.38049475495171,TRUE
M_dorsalis,Bacteroidota; NS5 marine group.16,TACGGAGGATCCAAGCGTTATCCGGAATTATTGGGTTTAAAGGGTCCGTAGGCGGTTTTTTAAGTCAGAGGTGAAATCCTGCAGCTCAACTGTAGCATTGCCTTTGATACTGAAAGACTTGAGTTATTGTGAAGTAGTTAGAATGTGTAGTGTAGCGGTGAAATGCATAGATATTACACAGAATACCGATTGCGAAAGCAGATTACTAACAATATACTGACGCTGAGGGACGAAAGCGTGGGTAGCGAACAGG,Las_Perlas_non_upwelling vs Las_Perlas_upwelling,-4.27897193098292,-0.866647433642903,TRUE
P_laticlavius,Bacteroidota; NS9 marine group.10,TACGGAGGGTCCAAGCGTTATCCGGATTTATTAGGTTTAAAGGGTCCGCAGGCGGGATTTTAAGTCAGTGGTGAAAGCCTACAGCTCAACTGTAGAACTGCCATTGATACTGAAATTCTTGAGTGTGGTTGAAGTGGGCGGAACATGTCATGTAGCGGTGAAATGCATAGATATGACATAGAACACCAATTGCGAAGGCAGCTCACTAAGCCATTACTGACGCTGAGGGACGAAAGCGTGGGGAGCGAACAGG,Las_Perlas_non_upwelling vs Las_Perlas_upwelling,-8.22344060227881,-9.92858634939933,TRUE
P_laticlavius,Bacteroidota; NS9 marine group.10,TACGGAGGGTCCAAGCGTTATCCGGATTTATTAGGTTTAAAGGGTCCGCAGGCGGGATTTTAAGTCAGTGGTGAAAGCCTACAGCTCAACTGTAGAACTGCCATTGATACTGAAATTCTTGAGTGTGGTTGAAGTGGGCGGAACATGTCATGTAGCGGTGAAATGCATAGATATGACATAGAACACCAATTGCGAAGGCAGCTCACTAAGCCATTACTGACGCTGAGGGACGAAAGCGTGGGGAGCGAACAGG,Las_Perlas_upwelling vs Coiba_upwelling,8.12903575725389,4.44871090535783,TRUE
M_dorsalis,Bacteroidota; NS9 marine group.33,TACGGAGGGTGCAAGCGTTATCCGGATTTATTGGGTTTAAAGGGTCCGTAGGCGGATGATTAAGTCAGTGGTGAAAGCCCACAGCTCAACTGTGGAACTGCCATTGATACTGATCATCTTGAGTACATTTGAAGTTGGCGGAATAGGTCATGTAGCGGTGAAATGCTTAGATATGACCTAGAACACCGATTGCGAAGGCAGCCAACTAAGCTGTAACTGACGCTGAGGGACGAAAGCGTGGGGAGCGAACAGG,Las_Perlas_non_upwelling vs Las_Perlas_upwelling,-5.71241588026519,-1.03398845747557,TRUE
M_dorsalis,Chloroflexi; SAR202 clade.5,TACGTAGGTGGCAAATGTTGTCCGGAATCATTGGGCGTAAAGGGTCCGTAGGTGGCTTGAAAAGTCTTATGTGAAATCTCTTGGCTCAACCAAGAAACGCCATAAGAAACTTTCATGCTAGAGATCATCAGAGGGAGGTAGAATTCCAGGTGTAGTGGTGAAATGCGTAGATATCTGGAGGAATACCAATGGCGAAAGCAGCCTCCTGGGGTGAATCTGACATTGAGGGACGAAAGCGTGGGTAGCAAACCGG,Las_Perlas_upwelling vs Coiba_upwelling,-6.21398773935094,-3.0639221124869,TRUE
M_dorsalis,Cyanobacteria; Prochlorococcus MIT9313.4,TACGGGAGTGGCAAGCGTTATCCGGAATTATTGGGCGTAAAGCGTCCGCAGGCGGCTTTTCAAGTCTGCTGTTAAAACGTGGAGCTTAACTCCATCATGGCAGTGGAAACTGAAAGGCTTGAGTATGGTAGGGGCAGAGGGAATTCCCGGTGTAGCGGTGAAATGCGTAGATATCGGGAAGAACACCAGTGGCGAAGGCGCTCTGCTGGGCCATTACTGACGCTCATGGACGAAAGCCAGGGGAGCGAAAGGG,Las_Perlas_non_upwelling vs Las_Perlas_upwelling,4.49685263291888,6.24053501159245,TRUE
M_dorsalis,Cyanobacteria; Prochlorococcus MIT9313.4,TACGGGAGTGGCAAGCGTTATCCGGAATTATTGGGCGTAAAGCGTCCGCAGGCGGCTTTTCAAGTCTGCTGTTAAAACGTGGAGCTTAACTCCATCATGGCAGTGGAAACTGAAAGGCTTGAGTATGGTAGGGGCAGAGGGAATTCCCGGTGTAGCGGTGAAATGCGTAGATATCGGGAAGAACACCAGTGGCGAAGGCGCTCTGCTGGGCCATTACTGACGCTCATGGACGAAAGCCAGGGGAGCGAAAGGG,Las_Perlas_upwelling vs Coiba_upwelling,-5.9412186372978,-3.6003561700225,TRUE
P_laticlavius,Cyanobacteria; Prochlorococcus MIT9313.4,TACGGGAGTGGCAAGCGTTATCCGGAATTATTGGGCGTAAAGCGTCCGCAGGCGGCTTTTCAAGTCTGCTGTTAAAACGTGGAGCTTAACTCCATCATGGCAGTGGAAACTGAAAGGCTTGAGTATGGTAGGGGCAGAGGGAATTCCCGGTGTAGCGGTGAAATGCGTAGATATCGGGAAGAACACCAGTGGCGAAGGCGCTCTGCTGGGCCATTACTGACGCTCATGGACGAAAGCCAGGGGAGCGAAAGGG,Las_Perlas_non_upwelling vs Las_Perlas_upwelling,7.05615045773284,6.24053501159245,TRUE
M_dorsalis,Cyanobacteria; Prochlorococcus MIT9313.5,TACGGGAGTGGCAAGCGTTATCCGGAATTATTGGGCGTAAAGCGTCCGCAGGCGGCTTTTCAAGTCTGCTGTTAAAGCGTGGAGCTTAACTCCATCATGGCAGTGGAAACTGAAAGGCTTGAGTATGGTAGGGGCAGAGGGAATTCCCGGTGTAGCGGTGAAATGCGTAGATATCGGGAAGAACACCAGTGGCGAAGGCGCTCTGCTGGGCCATTACTGACGCTCATGGACGAAAGCCAGGGGAGCGAAAGGG,Las_Perlas_non_upwelling vs Las_Perlas_upwelling,2.8321869386143,7.08023485214809,TRUE
M_dorsalis,Cyanobacteria; Prochlorococcus MIT9313.5,TACGGGAGTGGCAAGCGTTATCCGGAATTATTGGGCGTAAAGCGTCCGCAGGCGGCTTTTCAAGTCTGCTGTTAAAGCGTGGAGCTTAACTCCATCATGGCAGTGGAAACTGAAAGGCTTGAGTATGGTAGGGGCAGAGGGAATTCCCGGTGTAGCGGTGAAATGCGTAGATATCGGGAAGAACACCAGTGGCGAAGGCGCTCTGCTGGGCCATTACTGACGCTCATGGACGAAAGCCAGGGGAGCGAAAGGG,Las_Perlas_upwelling vs Coiba_upwelling,-3.08098644088536,-4.51065553227287,TRUE
P_laticlavius,Cyanobacteria; Prochlorococcus MIT9313.5,TACGGGAGTGGCAAGCGTTATCCGGAATTATTGGGCGTAAAGCGTCCGCAGGCGGCTTTTCAAGTCTGCTGTTAAAGCGTGGAGCTTAACTCCATCATGGCAGTGGAAACTGAAAGGCTTGAGTATGGTAGGGGCAGAGGGAATTCCCGGTGTAGCGGTGAAATGCGTAGATATCGGGAAGAACACCAGTGGCGAAGGCGCTCTGCTGGGCCATTACTGACGCTCATGGACGAAAGCCAGGGGAGCGAAAGGG,Las_Perlas_non_upwelling vs Las_Perlas_upwelling,8.30553591165725,7.08023485214809,TRUE
P_laticlavius,Cyanobacteria; Prochlorococcus MIT9313.5,TACGGGAGTGGCAAGCGTTATCCGGAATTATTGGGCGTAAAGCGTCCGCAGGCGGCTTTTCAAGTCTGCTGTTAAAGCGTGGAGCTTAACTCCATCATGGCAGTGGAAACTGAAAGGCTTGAGTATGGTAGGGGCAGAGGGAATTCCCGGTGTAGCGGTGAAATGCGTAGATATCGGGAAGAACACCAGTGGCGAAGGCGCTCTGCTGGGCCATTACTGACGCTCATGGACGAAAGCCAGGGGAGCGAAAGGG,Las_Perlas_upwelling vs Coiba_upwelling,-5.02350265563679,-4.51065553227287,TRUE
C_colonus,Cyanobacteria; Prochlorococcus MIT9313.5,TACGGGAGTGGCAAGCGTTATCCGGAATTATTGGGCGTAAAGCGTCCGCAGGCGGCTTTTCAAGTCTGCTGTTAAAGCGTGGAGCTTAACTCCATCATGGCAGTGGAAACTGAAAGGCTTGAGTATGGTAGGGGCAGAGGGAATTCCCGGTGTAGCGGTGAAATGCGTAGATATCGGGAAGAACACCAGTGGCGAAGGCGCTCTGCTGGGCCATTACTGACGCTCATGGACGAAAGCCAGGGGAGCGAAAGGG,Las_Perlas_non_upwelling vs Las_Perlas_upwelling,5.42484107071647,7.08023485214809,TRUE
C_colonus,Fusobacteriota; Cetobacterium.2,TACGTATGTCGCAAGCGTTATCCGGATTTATTGGGCGTAAAGCGCGTCTAGGCGGGAAAGAAAGTCTGATGTGAAAATGCGGGGCTCAACTCCGTATTGCGTTGGAAACTACTTTTCTAGAGTATCAGAGAGGTGGGCGGAACTACAAGTGTAGAGGTGAAATTCGTAGATATTTGTAGGAATGCCGATGGAGAAGTCAGCTCACTGGATGAATACTGACGCTAAAGCGCGAAAGCGTGGGGAGCAAACAGG,Las_Perlas_non_upwelling vs Las_Perlas_upwelling,23.260309258888,4.32695431855769,TRUE
C_colonus,Fusobacteriota; Cetobacterium.2,TACGTATGTCGCAAGCGTTATCCGGATTTATTGGGCGTAAAGCGCGTCTAGGCGGGAAAGAAAGTCTGATGTGAAAATGCGGGGCTCAACTCCGTATTGCGTTGGAAACTACTTTTCTAGAGTATCAGAGAGGTGGGCGGAACTACAAGTGTAGAGGTGAAATTCGTAGATATTTGTAGGAATGCCGATGGAGAAGTCAGCTCACTGGATGAATACTGACGCTAAAGCGCGAAAGCGTGGGGAGCAAACAGG,Las_Perlas_upwelling vs Coiba_upwelling,-18.0811470229951,-4.06522673281047,TRUE
M_dorsalis,Marinimicrobia (SAR406 clade); Marinimicrobia (SAR406 clade).36,TACGAGGGGTGCTAGCGTTGTCCGGATTTACTGGGCGTAAAGGGTACGTAGGCGTTTTAATAAGTTGAATGTTAAATATCTTAGCTTAACTAAGAAAATGCATTCAAAACTGTTAAAATAGAGTTTGAGAGAGGAACGCAGAATTCATGGTGGAGCGGTGACATGCGTAGATATCATGAGGAAAGTCAAATGCGAAGGCAGCCTTCTGGCTCAAAACTGACGCTGAGGTACGAAAGCGTGGGGAGCGAACAGG,Las_Perlas_non_upwelling vs Las_Perlas_upwelling,4.25768711282558,0.886472970740889,TRUE
A_xanthopterus,Marinimicrobia (SAR406 clade); Marinimicrobia (SAR406 clade).39,TACGAGGGGTGCTAGCGTTGTCCGGATTTACTGGGCGTAAAGGGTACGTAGGCGTTTTAATAAGTTGTATGTTAAATATCTTAGCTTAACTAAGAAAATGCATCCAAAACTGTTAAAATAGAGTTTGAGAGAGGAACGCAGAATTCATGGTGGAGCGGTGACATGCGTAGATATCATGAGGAAAGTCAAATGCGAAGGCAGCCTTCTGGCTCAAAACTGACGCTGAGGTACGAAAGCGTGGGGAGCGAACAGG,Coiba_non_upwelling vs Coiba_upwelling,6.78776606904288,1.22766582926535,TRUE
A_xanthopterus,Marinimicrobia (SAR406 clade); Marinimicrobia (SAR406 clade).39,TACGAGGGGTGCTAGCGTTGTCCGGATTTACTGGGCGTAAAGGGTACGTAGGCGTTTTAATAAGTTGTATGTTAAATATCTTAGCTTAACTAAGAAAATGCATCCAAAACTGTTAAAATAGAGTTTGAGAGAGGAACGCAGAATTCATGGTGGAGCGGTGACATGCGTAGATATCATGAGGAAAGTCAAATGCGAAGGCAGCCTTCTGGCTCAAAACTGACGCTGAGGTACGAAAGCGTGGGGAGCGAACAGG,Las_Perlas_upwelling vs Coiba_upwelling,5.69205684043245,1.55805946405885,TRUE
P_laticlavius,Nanoarchaeota; Woesearchaeales.1,CCCCGGCGCCTCGAGTGGTGATCATATTTATTGGGTTTAAAGCATCCGTAGCTGGTTAAGTCAGTTTTTGGTGAAATTTAGCAGCTTAACTGTTAAGAAGGCTAAAAATACTACTTAACTAGGGACCGGGAGGAGTCAGAGGAATGTTGTGGGGAGCGGTAAAATGTGTTAATCCACGATGGACCACCAGTGGCGAAGGCGTCTGACTAGAACGGATCCGACAGTGAGGGATGAAAGCTAGGGGAGCAAATCGG,Coiba_non_upwelling vs Coiba_upwelling,3.33834006697008,-0.70149209370632,FALSE
M_dorsalis,Proteobacteria; AEGEAN-169 marine group.5,TACGAAGGGGGCTAGCGTTGTTCGGAATCACTGGGCGTAAAGCGTATGTAGGCGGATCAAAAAGTTAGATGTGAAATCCCTGGGCTCAACCCAGGAACTGCATTTAAAACTAGTGATCTAGAATTTGGTAAGGGTTAGTAGAATTTCCAGTGTAGAGGTGAAATTCGTAGATATTGGAAAGAATACCAGAAGCGAAGGCGACTAACTAGGCCATTTTTGACGCTGAGATACGAAAGCGTGGGTAGCAAACAGG,Las_Perlas_non_upwelling vs Las_Perlas_upwelling,5.00189696705563,3.21308574597606,TRUE
M_dorsalis,Proteobacteria; AEGEAN-169 marine group.5,TACGAAGGGGGCTAGCGTTGTTCGGAATCACTGGGCGTAAAGCGTATGTAGGCGGATCAAAAAGTTAGATGTGAAATCCCTGGGCTCAACCCAGGAACTGCATTTAAAACTAGTGATCTAGAATTTGGTAAGGGTTAGTAGAATTTCCAGTGTAGAGGTGAAATTCGTAGATATTGGAAAGAATACCAGAAGCGAAGGCGACTAACTAGGCCATTTTTGACGCTGAGATACGAAAGCGTGGGTAGCAAACAGG,Las_Perlas_upwelling vs Coiba_upwelling,-5.48715956753728,-3.16574858568212,TRUE
P_laticlavius,Proteobacteria; AEGEAN-169 marine group.10,TACGGAAGGTCCTAGCGTTGTTCGGAATTACTGGGCGTAAAGCGCATGTAGGCGGAACAGAAAGTTAGAAGTGAAATCCCTGGGCTCAACCTAGGAATTGCTTTTAAAACTTCTGTTCTGGAATTCAGGAGAGGAAAATGGAATTTCCAGTGTAGAGGTGAAATTCGTAGATATTGGAAGGAACACCAGTGGCGAAGGCGATTTTCTGGACTGATATTGACGCTGAGATGCGAAGGCATGGGTAGCAAACGGG,Las_Perlas_non_upwelling vs Las_Perlas_upwelling,6.76239118726535,10.2135686595251,TRUE
M_dorsalis,Proteobacteria; Ascidiaceihabitans.2,TACGGAGGGGGTTAGCGTTGTTCGGAATTACTGGGCGTAAAGCGCACGTAGGCGGATTGGAAAGTTGGGGGTGAAATCCCGGGGCTCAACCCCGGAACTGCCTCCAAAACTATCAGTCTAGAGTTCGAGAGAGGTGAGTGGAATTCCAAGTGTAGAGGTGAAATTCGTAGATATTTGGAGGAACACCAGTGGCGAAGGCGGCTCACTGGCTCGATACTGACGCTGAGGTGCGAAAGTGTGGGGAGCAAACAGG,Las_Perlas_non_upwelling vs Las_Perlas_upwelling,-6.91930452491457,-9.27375841071966,TRUE
M_dorsalis,Proteobacteria; Ascidiaceihabitans.2,TACGGAGGGGGTTAGCGTTGTTCGGAATTACTGGGCGTAAAGCGCACGTAGGCGGATTGGAAAGTTGGGGGTGAAATCCCGGGGCTCAACCCCGGAACTGCCTCCAAAACTATCAGTCTAGAGTTCGAGAGAGGTGAGTGGAATTCCAAGTGTAGAGGTGAAATTCGTAGATATTTGGAGGAACACCAGTGGCGAAGGCGGCTCACTGGCTCGATACTGACGCTGAGGTGCGAAAGTGTGGGGAGCAAACAGG,Las_Perlas_upwelling vs Coiba_upwelling,7.50201457557744,2.99740641436578,TRUE
A_xanthopterus,Proteobacteria; Ascidiaceihabitans.2,TACGGAGGGGGTTAGCGTTGTTCGGAATTACTGGGCGTAAAGCGCACGTAGGCGGATTGGAAAGTTGGGGGTGAAATCCCGGGGCTCAACCCCGGAACTGCCTCCAAAACTATCAGTCTAGAGTTCGAGAGAGGTGAGTGGAATTCCAAGTGTAGAGGTGAAATTCGTAGATATTTGGAGGAACACCAGTGGCGAAGGCGGCTCACTGGCTCGATACTGACGCTGAGGTGCGAAAGTGTGGGGAGCAAACAGG,Las_Perlas_upwelling vs Coiba_upwelling,7.99900054429513,2.99740641436578,TRUE
P_laticlavius,Proteobacteria; Ascidiaceihabitans.2,TACGGAGGGGGTTAGCGTTGTTCGGAATTACTGGGCGTAAAGCGCACGTAGGCGGATTGGAAAGTTGGGGGTGAAATCCCGGGGCTCAACCCCGGAACTGCCTCCAAAACTATCAGTCTAGAGTTCGAGAGAGGTGAGTGGAATTCCAAGTGTAGAGGTGAAATTCGTAGATATTTGGAGGAACACCAGTGGCGAAGGCGGCTCACTGGCTCGATACTGACGCTGAGGTGCGAAAGTGTGGGGAGCAAACAGG,Las_Perlas_non_upwelling vs Las_Perlas_upwelling,-8.63380025836204,-9.27375841071966,TRUE
P_laticlavius,Proteobacteria; Ascidiaceihabitans.2,TACGGAGGGGGTTAGCGTTGTTCGGAATTACTGGGCGTAAAGCGCACGTAGGCGGATTGGAAAGTTGGGGGTGAAATCCCGGGGCTCAACCCCGGAACTGCCTCCAAAACTATCAGTCTAGAGTTCGAGAGAGGTGAGTGGAATTCCAAGTGTAGAGGTGAAATTCGTAGATATTTGGAGGAACACCAGTGGCGAAGGCGGCTCACTGGCTCGATACTGACGCTGAGGTGCGAAAGTGTGGGGAGCAAACAGG,Las_Perlas_upwelling vs Coiba_upwelling,6.92758487219234,2.99740641436578,TRUE
C_colonus,Proteobacteria; Ascidiaceihabitans.4,TACGGAGGGGGTTAGCGTTGTTCGGAATTACTGGGCGTAAAGCGCGCGTAGGCGGATTGGAAAGTTAGAGGTGAAATCCCGGGGCTCAACCCCGGAACTGCCTTTAAAACTCCCAGTCTAGAGTTCGAGAGAGGTGAGTGGAATTCCAAGTGTAGAGGTGAAATTCGTAGATATTTGGAGGAACACCAGTGGCGAAGGCGGCTCACTGGCTCGATACTGACGCTGAGGTGCGAAAGTGTGGGGAGCAAACAGG,Las_Perlas_non_upwelling vs Las_Perlas_upwelling,-18.6920271145551,-1.85755594078718,TRUE
P_laticlavius,Proteobacteria; Ascidiaceihabitans.5,TACGGAGGGGGTTAGCGTTGTTCGGAATTACTGGGCGTAAAGCGCGCGTAGGCGGATTGGAAAGTTGGGGGTGAAATCCCGAGGCTCAACCTCGGAACTGCCTCCAAAACTCCCAGTCTAGAGTTCGAGAGAGGTGAGTGGAATTCCAAGTGTAGAGGTGAAATTCGTAGATATTTGGAGGAACACCAGTGGCGAAGGCGGCTCACTGGCTCGATACTGACGCTGAGGTGCGAAAGTGTGGGGAGCAAACAGG,Las_Perlas_non_upwelling vs Las_Perlas_upwelling,-7.20334354360326,-3.36157150064115,TRUE
M_dorsalis,Proteobacteria; Clade II.10,TACGAAGGGACCTAGCGTAGTTCGGAATTACTGGGCTTAAAGAGCTCGTAGGTGGTTAAAAAAGTTGATGGTGAAATCCCAAGGCTCAACCTTGGAACTGCCATCAAAACTTTTTAGCTGGAGTATGATAGAGGAAAGTGGAATTTCTAGTGTAGAGGTGAAATTCGTAGATATTAGAAAGAACATCAAAAGCGAAGGCAACTTTCTGGATCATTACTGACACTGAGGAGCGAAAGCATGGGTAGCGAAGAGG,Las_Perlas_non_upwelling vs Las_Perlas_upwelling,6.88843492633068,4.2059474226661004,TRUE
P_laticlavius,Proteobacteria; Clade Ib.2,TACGAAGGGACCTAGCGTAGTTCGGAATTACTGGGCTTAAAGAGTTCGTAGGTGGTTAAAAAAGTTGGTGGTGAAATCCCAGAGCTTAACTCTGGAACTGCCATCAAAACTTTTTAGCTAGAGTATGATAGAGGAAAGCAGAATTTCTAGTGTAGAGGTGAAATTCGTAGATATTAGAAAGAATACCAATTGCGAAGGCAGCTTTCTGGATCATTACTGACACTGAGGAACGAAAGCATGGGTAGCGAAGAGG,Las_Perlas_non_upwelling vs Las_Perlas_upwelling,3.73238068215485,1.56311433324798,TRUE
M_dorsalis,Proteobacteria; Ectothiorhodospiraceae.1,TACGGAGGGTGCAAGCGTTAATCGGAATTACTGGGCGTAAAGAGTACGTAGGCGGCTTTGCAAGTCGGGTGTGAAAGCCCTGAGCTTAACTCAGGAACTGCATTCGATACTGCATCGCTAGAGTTTATTAGAGGATAGCGGAATTCCAGGTGTAGCGGTGAAATGCGTAGATATCTGGAAGAACACCAATGGCGAAGGCAGCTATCTGGGATACAACTGACGCTGAGGTACGAAAGCGTGGGGAGCAAACAGG,Las_Perlas_non_upwelling vs Las_Perlas_upwelling,-5.01352396913584,-1.61533725266111,TRUE
A_xanthopterus,Proteobacteria; HIMB11.2,TACGGAGGGGGTTAGCGTTGTTCGGAATTACTGGGCGTAAAGCGCGCGTAGGCGGATTAGAAAGTTGGGGGTGAAATCCCGAGGCTCAACCTCGGAACTGCCTCCAAAACTGCTAGTCTAGAGTTCGAGAGAGGTGAGTGGAATTCCGAGTGTAGAGGTGAAATTCGTAGATATTCGGAGGAACACCAGTGGCGAAGGCGGCTCACTGGCTCGATACTGACGCTGAGGTGCGAAAGTGTGGGGAGCAAACAGG,Las_Perlas_upwelling vs Coiba_upwelling,6.78301823695945,2.52983675611742,TRUE
P_laticlavius,Proteobacteria; HIMB11.4,TACGGAGGGGGTTAGCGTTGTTCGGAATTACTGGGCGTAAAGCGCGCGTAGGCGGATTAGAAAGTTGGGGGTGAAATCCCGGGGCTCAACCCCGGAACTGCCTCCAAAACTGCTAGTCTAGAGTTCGAGAGAGGTGAGTGGAATTCCGAGTGTAGAGGTGAAATTCGTAGATATTCGGAGGAACACCAGTGGCGAAGGCGGCTCACTGGCTCGATACTGACGCTGAGGTGCGAAAGTGTGGGGAGCAAACAGG,Las_Perlas_upwelling vs Coiba_upwelling,7.06296488248077,4.82448137740328,TRUE
P_laticlavius,Proteobacteria; HIMB11.5,TACGGAGGGGGTTAGCGTTGTTCGGAATTACTGGGCGTAAAGCGCGCGTAGGCGGATTAGAAAGTTGGGGGTGAAATCCCGGGGCTCAACCTCGGAACTGCCTCCAAAACTGCTAGTCTAGAGTTCGAGAGAGGTGAGTGGAATTCCGAGTGTAGAGGTGAAATTCGTAGATATTCGGAGGAACACCAGTGGCGAAGGCGGCTCACTGGCTCGATACTGACGCTGAGGTGCGAAAGTGTGGGGAGCAAACAGG,Las_Perlas_non_upwelling vs Las_Perlas_upwelling,-3.22950117401893,-2.38698756156519,TRUE
A_xanthopterus,Proteobacteria; Nitrincolaceae.2,TACGGAGGGTGCGAGCGTTAATCGGAATTACTGGGCGTAAAGCGCGCGTAGGTGGTTTGTTAAGTGGGATGTGAAAGCCCCGGGCTCAACCTGGGAATCGCATCCCAAACTGACAGACTAGAGTACAATAGAGGGGTGTGGAATTTCCTGTGTAGCGGTGAAATGCGTAGATATAGGAAGGAACACCAGTGGCGAAGGCGACACCCTGGATTGATACTGACACTGAGGTGCGAAAGCGTGGGGAGCAAACAGG,Las_Perlas_upwelling vs Coiba_upwelling,7.31694912149425,12.196376218883,TRUE
P_laticlavius,Proteobacteria; Nitrincolaceae.2,TACGGAGGGTGCGAGCGTTAATCGGAATTACTGGGCGTAAAGCGCGCGTAGGTGGTTTGTTAAGTGGGATGTGAAAGCCCCGGGCTCAACCTGGGAATCGCATCCCAAACTGACAGACTAGAGTACAATAGAGGGGTGTGGAATTTCCTGTGTAGCGGTGAAATGCGTAGATATAGGAAGGAACACCAGTGGCGAAGGCGACACCCTGGATTGATACTGACACTGAGGTGCGAAAGCGTGGGGAGCAAACAGG,Las_Perlas_non_upwelling vs Las_Perlas_upwelling,-8.61754243252942,-11.9788410480874,TRUE
P_laticlavius,Proteobacteria; Nitrincolaceae.2,TACGGAGGGTGCGAGCGTTAATCGGAATTACTGGGCGTAAAGCGCGCGTAGGTGGTTTGTTAAGTGGGATGTGAAAGCCCCGGGCTCAACCTGGGAATCGCATCCCAAACTGACAGACTAGAGTACAATAGAGGGGTGTGGAATTTCCTGTGTAGCGGTGAAATGCGTAGATATAGGAAGGAACACCAGTGGCGAAGGCGACACCCTGGATTGATACTGACACTGAGGTGCGAAAGCGTGGGGAGCAAACAGG,Las_Perlas_upwelling vs Coiba_upwelling,8.5226588382437,12.196376218883,TRUE
A_xanthopterus,Proteobacteria; Nitrincolaceae.3,TACGGAGGGTGCGAGCGTTAATCGGAATTACTGGGCGTAAAGCGCGCGTAGGTGGTTTGTTAAGTGGGATGTGAAAGCCCCGGGCTCAACCTGGGAATCGCATCCCAAACTGACAGGCTAGAGTACAATAGAGGGGTGTGGAATTTCCTGTGTAGCGGTGAAATGCGTAGATATAGGAAGGAACACCAGTGGCGAAGGCGACACCCTGGATTGATACTGACACTGAGGTGCGAAAGCGTGGGGAGCAAACAGG,Las_Perlas_upwelling vs Coiba_upwelling,7.75589042570858,8.41805174628055,TRUE
P_laticlavius,Proteobacteria; Nitrincolaceae.3,TACGGAGGGTGCGAGCGTTAATCGGAATTACTGGGCGTAAAGCGCGCGTAGGTGGTTTGTTAAGTGGGATGTGAAAGCCCCGGGCTCAACCTGGGAATCGCATCCCAAACTGACAGGCTAGAGTACAATAGAGGGGTGTGGAATTTCCTGTGTAGCGGTGAAATGCGTAGATATAGGAAGGAACACCAGTGGCGAAGGCGACACCCTGGATTGATACTGACACTGAGGTGCGAAAGCGTGGGGAGCAAACAGG,Las_Perlas_non_upwelling vs Las_Perlas_upwelling,-8.61557292214826,-12.3365812464954,TRUE
P_laticlavius,Proteobacteria; Nitrincolaceae.3,TACGGAGGGTGCGAGCGTTAATCGGAATTACTGGGCGTAAAGCGCGCGTAGGTGGTTTGTTAAGTGGGATGTGAAAGCCCCGGGCTCAACCTGGGAATCGCATCCCAAACTGACAGGCTAGAGTACAATAGAGGGGTGTGGAATTTCCTGTGTAGCGGTGAAATGCGTAGATATAGGAAGGAACACCAGTGGCGAAGGCGACACCCTGGATTGATACTGACACTGAGGTGCGAAAGCGTGGGGAGCAAACAGG,Las_Perlas_upwelling vs Coiba_upwelling,8.52056671783716,8.41805174628055,TRUE
A_xanthopterus,Proteobacteria; OM60(NOR5) clade.1,TACGGAGGGTGCAAGCGTTAATCGGAATTACTGGGCGTAAAGCGCGCGTAGGCGGTTTTTTAAGTCGGATGTGAAAGCCCCGGGCTCAACCTGGGAACTGCATCCGATACTGGAAGACTAGAATGCGGGAGAGGGAGGTAGAATTCCATGTGTAGCAGTGAAATGCGTAGATATATGGAGGAATACCAGTGGCGAAGGCGGCCTCCTGGCTCGACATTGACGCTGAGGTGCGAAAGCGTGGGGAGCAAACGGG,Las_Perlas_upwelling vs Coiba_upwelling,6.88074823412682,1.40465944341322,TRUE
A_concolor,Proteobacteria; OM60(NOR5) clade.4,TACGGAGGGTGCAAGCGTTAATCGGAATTACTGGGCGTAAAGCGCGCGTAGGCGGTTTTTTAAGTCGGATGTGAAAGCCCCGGGCTCAACCTGGGAACTGCATCCGATACTGGATAACTAGAATGCGGGAGAGGGAGGTAGAATTCCATGTGTAGCAGTGAAATGCGTAGATATATGGAGGAATACCAGTGGCGAAGGCGGCCTCCTGGCTCGACATTGACGCTGAGGTGCGAAAGCGTGGGGAGCAAACGGG,Las_Perlas_non_upwelling vs Las_Perlas_upwelling,-21.7213511414776,-2.93676554959449,TRUE
M_dorsalis,Proteobacteria; OM60(NOR5) clade.6,TACGGAGGGTGCAAGCGTTAATCGGAATTACTGGGCGTAAAGCGCGCGTAGGCGGTTTTTTAAGTCGGATGTGAAAGCCCCGGGCTCAACCTGGGAACTGCATCCGATACTGGATGACTAGAATGCGGGAGAGGGAGGTAGAATTCCATGTGTAGCAGTGAAATGCGTAGATATATGGAGGAATACCAGTGGCGAAGGCGGCCTCCTGGCTCGACATTGACGCTGAGGTGCGAAAGCGTGGGGAGCAAACGGG,Las_Perlas_non_upwelling vs Las_Perlas_upwelling,-6.15497244111489,-1.87683026913916,TRUE
A_xanthopterus,Proteobacteria; PS1 clade.1,TACGGAGGGGGCTAGCGTTGTTCGGAATCACTGGGCGTAAAGCGCGCGTAGGCGGACTGATTAGTTGGGGGTGAAAGCCCGGAGCTCAACTCCGGAACTGCCTTCAATACTGTCAGTCTTGAGGTCGAGAGAGGTAAGTGGAATTCCGAGTGTAGAGGTGAAATTCGTAGATATTCGGAAGAACACCAGTGGCGAAGGCGACTTACTGGCTCGATTCTGACGCTGAGGTGCGAAAGCGTGGGGAGCAAACAGG,Las_Perlas_upwelling vs Coiba_upwelling,8.5417741380711,1.4324749120919,TRUE
P_laticlavius,Proteobacteria; PS1 clade.1,TACGGAGGGGGCTAGCGTTGTTCGGAATCACTGGGCGTAAAGCGCGCGTAGGCGGACTGATTAGTTGGGGGTGAAAGCCCGGAGCTCAACTCCGGAACTGCCTTCAATACTGTCAGTCTTGAGGTCGAGAGAGGTAAGTGGAATTCCGAGTGTAGAGGTGAAATTCGTAGATATTCGGAAGAACACCAGTGGCGAAGGCGACTTACTGGCTCGATTCTGACGCTGAGGTGCGAAAGCGTGGGGAGCAAACAGG,Las_Perlas_upwelling vs Coiba_upwelling,4.42095520291443,1.4324749120919,TRUE
C_panamensis,Proteobacteria; PS1 clade.1,TACGGAGGGGGCTAGCGTTGTTCGGAATCACTGGGCGTAAAGCGCGCGTAGGCGGACTGATTAGTTGGGGGTGAAAGCCCGGAGCTCAACTCCGGAACTGCCTTCAATACTGTCAGTCTTGAGGTCGAGAGAGGTAAGTGGAATTCCGAGTGTAGAGGTGAAATTCGTAGATATTCGGAAGAACACCAGTGGCGAAGGCGACTTACTGGCTCGATTCTGACGCTGAGGTGCGAAAGCGTGGGGAGCAAACAGG,Las_Perlas_non_upwelling vs Coiba_non_upwelling,7.84947209900643,3.21960276536798,TRUE
E_labriformis,Proteobacteria; PS1 clade.1,TACGGAGGGGGCTAGCGTTGTTCGGAATCACTGGGCGTAAAGCGCGCGTAGGCGGACTGATTAGTTGGGGGTGAAAGCCCGGAGCTCAACTCCGGAACTGCCTTCAATACTGTCAGTCTTGAGGTCGAGAGAGGTAAGTGGAATTCCGAGTGTAGAGGTGAAATTCGTAGATATTCGGAAGAACACCAGTGGCGAAGGCGACTTACTGGCTCGATTCTGACGCTGAGGTGCGAAAGCGTGGGGAGCAAACAGG,Las_Perlas_non_upwelling vs Coiba_non_upwelling,5.73529564337615,3.21960276536798,TRUE
M_dorsalis,Proteobacteria; Photobacterium.2,TACGGAGGGTGCGAGCGTTAATCGGAATTACTGGGCGTAAAGCGCATGCAGGCGGCTTGTTAAGCAAGATGTGAAAGCCCGGGGCTTAACCTCGGAACCGCATTTTGAACTGGCAGGCTAGAGTCTTGTAGAGGGGGGTAGAATTTCAGGTGTAGCGGTGAAATGCGTAGAGATCTGAAGGAATACCGGTGGCGAAGGCGGCCCCCTGGACAAAGACTGACGCTCAGATGCGAAAGCGTGGGGAGCAAACAGG,Las_Perlas_upwelling vs Coiba_upwelling,-6.71632927911983,-5.03987395696183,TRUE
P_laticlavius,Proteobacteria; Rhodobacteraceae.1,TACGGAGGGGGTTAGCGTTGTTCGGAATTACTGGGCGTAAAGCGCACGTAGGCGGACTAGTCAGTCAGAGGTGAAATCCCGAGGCTCAACCTCGGAACTGCCTTTGATACTGCTAGTCTAGAGTTCGAGAGAGGTGAGTGGAATTCCGAGTGTAGAGGTGAAATTCGTAGATATTCGGAGGAACACCAGTGGCGAAGGCGGCTCACTGGATCGATACTGACGCTGAGGTGCGAAAGCGTGGGGAGCAAACAGG,Las_Perlas_non_upwelling vs Las_Perlas_upwelling,6.67599932817173,4.94408427973916,TRUE
P_laticlavius,Proteobacteria; Rhodobacteraceae.2,TACGGAGGGGGTTAGCGTTGTTCGGAATTACTGGGCGTAAAGCGCACGTAGGCGGATTAATAAGTCAGGGGTGAAATCCCGAGGCTCAACCTCGGAACTGCCTTTGATACTGTTAATCTTGAGTTCGAGAGAGGTGAGTGGAATTCCGAGTGTAGAGGTGAAATTCGTAGATATTCGGAGGAACACCAGTGGCGAAGGCGGCTCACTGGCTCGATACTGACGCTGAGGTGCGAAAGCGTGGGGAGCAAACAGG,Las_Perlas_non_upwelling vs Las_Perlas_upwelling,7.02161453675675,3.97534843539842,TRUE
P_laticlavius,Proteobacteria; Rhodobacteraceae.2,TACGGAGGGGGTTAGCGTTGTTCGGAATTACTGGGCGTAAAGCGCACGTAGGCGGATTAATAAGTCAGGGGTGAAATCCCGAGGCTCAACCTCGGAACTGCCTTTGATACTGTTAATCTTGAGTTCGAGAGAGGTGAGTGGAATTCCGAGTGTAGAGGTGAAATTCGTAGATATTCGGAGGAACACCAGTGGCGAAGGCGGCTCACTGGCTCGATACTGACGCTGAGGTGCGAAAGCGTGGGGAGCAAACAGG,Las_Perlas_upwelling vs Coiba_upwelling,-6.34165231466754,-3.25529967522518,TRUE
E_labriformis,Proteobacteria; SAR116 clade.4,TACGAAGGGGGCGAGCGTTATTCGGAATTATTGGGCGTAAAGGGCTCGCAGGCTGCTTGAACAGTTAGACGTGAAATCCCCGGGCTTAACCTGGGAACTGCGTTTAATACTAGCAAGCTAGAGAAATAGAGAGGAAAGTGGAACTCCCAGTGTAGAGGTGAAATTCGTAGATATTGGGAAGAACACCAGTGGCGAAAGCGACTTTCTGGCTATTTTCTGACGCTGAGGAGCGAAAGCGTGGGGAGCAAACAGG,Las_Perlas_upwelling vs Coiba_upwelling,6.13261158235056,1.96576490199543,TRUE
A_xanthopterus,Proteobacteria; SAR116 clade.13,TACGAAGGGGGCGAGCGTTGTTCGGAATTACTGGGCGTAAAGGGCGCGTAGGCGGCTCTTTAAGTTAGGCGTGAAAGCCCCGGGCTCAACCTGGGAACTGCGCTTAAGACTGGAGAGCTAGAAAACGGAAGAGGGTAGTGGAATTCCCAGTGTAGAGGTGAAATTCGTAGATATTGGGAAGAACACCAGTGGCGAAAGCGGCTACCTGGTCCGGCTTTGACGCTGAGGCGCGAAAGCGTGGGGAGCAAACAGG,Coiba_non_upwelling vs Coiba_upwelling,-20.027082255255,-1.44490132888313,TRUE
A_xanthopterus,Proteobacteria; SAR116 clade.13,TACGAAGGGGGCGAGCGTTGTTCGGAATTACTGGGCGTAAAGGGCGCGTAGGCGGCTCTTTAAGTTAGGCGTGAAAGCCCCGGGCTCAACCTGGGAACTGCGCTTAAGACTGGAGAGCTAGAAAACGGAAGAGGGTAGTGGAATTCCCAGTGTAGAGGTGAAATTCGTAGATATTGGGAAGAACACCAGTGGCGAAAGCGGCTACCTGGTCCGGCTTTGACGCTGAGGCGCGAAAGCGTGGGGAGCAAACAGG,Las_Perlas_non_upwelling vs Coiba_non_upwelling,18.4228738026441,-1.43652940830243,FALSE
M_dorsalis,Proteobacteria; SAR86 clade.6,TACGGAAGGTCCAAGCGTTAATCGGAATTACTGGGCGTAAAGCGCGCGTAGGTGGTTTTTTAAGTTGGATGTGAAAGCCCTGGGCTCAACCTAGGAACTGCATCCAAAACTAGATGACTAGAGTACGAAAGAGGGAAGTAGAATTCACAGTGTAGCGGTGGAATGCGTAGATATTGTGAAGAATACCAATGGCGAAGGCAGCTTCCTGGTTCTGTACTGACACTGAGGTGCGAAAGCGTGGGTAGCGAACAGG,Las_Perlas_non_upwelling vs Las_Perlas_upwelling,4.8646107813547,4.6667807313895,TRUE
M_dorsalis,Proteobacteria; SAR86 clade.6,TACGGAAGGTCCAAGCGTTAATCGGAATTACTGGGCGTAAAGCGCGCGTAGGTGGTTTTTTAAGTTGGATGTGAAAGCCCTGGGCTCAACCTAGGAACTGCATCCAAAACTAGATGACTAGAGTACGAAAGAGGGAAGTAGAATTCACAGTGTAGCGGTGGAATGCGTAGATATTGTGAAGAATACCAATGGCGAAGGCAGCTTCCTGGTTCTGTACTGACACTGAGGTGCGAAAGCGTGGGTAGCGAACAGG,Las_Perlas_upwelling vs Coiba_upwelling,-5.53333674951599,-4.09560489711049,TRUE
P_laticlavius,Proteobacteria; SAR86 clade.6,TACGGAAGGTCCAAGCGTTAATCGGAATTACTGGGCGTAAAGCGCGCGTAGGTGGTTTTTTAAGTTGGATGTGAAAGCCCTGGGCTCAACCTAGGAACTGCATCCAAAACTAGATGACTAGAGTACGAAAGAGGGAAGTAGAATTCACAGTGTAGCGGTGGAATGCGTAGATATTGTGAAGAATACCAATGGCGAAGGCAGCTTCCTGGTTCTGTACTGACACTGAGGTGCGAAAGCGTGGGTAGCGAACAGG,Las_Perlas_non_upwelling vs Las_Perlas_upwelling,6.22567244552806,4.6667807313895,TRUE
P_laticlavius,Proteobacteria; SAR86 clade.6,TACGGAAGGTCCAAGCGTTAATCGGAATTACTGGGCGTAAAGCGCGCGTAGGTGGTTTTTTAAGTTGGATGTGAAAGCCCTGGGCTCAACCTAGGAACTGCATCCAAAACTAGATGACTAGAGTACGAAAGAGGGAAGTAGAATTCACAGTGTAGCGGTGGAATGCGTAGATATTGTGAAGAATACCAATGGCGAAGGCAGCTTCCTGGTTCTGTACTGACACTGAGGTGCGAAAGCGTGGGTAGCGAACAGG,Las_Perlas_upwelling vs Coiba_upwelling,-6.73280380645573,-4.09560489711049,TRUE
M_dorsalis,Proteobacteria; SAR86 clade.8,TACGGAAGGTGCAAGCGTTAATCGGAATTACTGGGCGTAAAGCGCGCGTAGGTGGTTTGTTAAGTTGGATGTGAAAGCCCTGGGCTCAACCTAGGAACTGCATCCAAAACTAACTCACTAGAGTACGATAGAGGGAGGTAGAATTCATAGTGTAGCGGTGGAATGCGTAGATATTATGAAGAATACCAGTGGCGAAGGCGGCCTCCTGGATCTGTACTGACACTGAGGTGCGAAAGCGTGGGTAGCGAACAGG,Las_Perlas_non_upwelling vs Las_Perlas_upwelling,-2.41767563092941,-1.24782752901193,TRUE
A_xanthopterus,Proteobacteria; SAR86 clade.8,TACGGAAGGTGCAAGCGTTAATCGGAATTACTGGGCGTAAAGCGCGCGTAGGTGGTTTGTTAAGTTGGATGTGAAAGCCCTGGGCTCAACCTAGGAACTGCATCCAAAACTAACTCACTAGAGTACGATAGAGGGAGGTAGAATTCATAGTGTAGCGGTGGAATGCGTAGATATTATGAAGAATACCAGTGGCGAAGGCGGCCTCCTGGATCTGTACTGACACTGAGGTGCGAAAGCGTGGGTAGCGAACAGG,Las_Perlas_upwelling vs Coiba_upwelling,3.05708648668484,1.23931688326544,TRUE
P_laticlavius,Proteobacteria; SAR86 clade.16,TACGGAGGGTCCAAGCGTTAATCGGAATTACTGGGCGTAAAGCGCGCGTAGGCGGTTTGTCAAGTTGGATGTGAAATCCCTGGGCTCAACCTAGGAACTGCATTCAAAACTTATAGACTAGAGTACGATAGAGGAGAGTAGAATTCCTGGTGTAGCGGTGAAATGCGTAGATATCAGGAGGAATACCAATGGCGAAGGCAACTCTCTGGATCGACACTGACGCTGAGGTGCGAAAGCGTGGGTAGCAAACAGG,Las_Perlas_non_upwelling vs Las_Perlas_upwelling,3.31125773847485,2.75271800517117,TRUE
P_laticlavius,Proteobacteria; SAR86 clade.16,TACGGAGGGTCCAAGCGTTAATCGGAATTACTGGGCGTAAAGCGCGCGTAGGCGGTTTGTCAAGTTGGATGTGAAATCCCTGGGCTCAACCTAGGAACTGCATTCAAAACTTATAGACTAGAGTACGATAGAGGAGAGTAGAATTCCTGGTGTAGCGGTGAAATGCGTAGATATCAGGAGGAATACCAATGGCGAAGGCAACTCTCTGGATCGACACTGACGCTGAGGTGCGAAAGCGTGGGTAGCAAACAGG,Las_Perlas_upwelling vs Coiba_upwelling,-3.50180373415915,-2.97844820985878,TRUE
A_xanthopterus,Proteobacteria; SAR86 clade.17,TACGGATGGTGCAAGCGTTAATCGGAATTACTGGGCGTAAAGCGCGCGTAGGTGGCACACCAAGTTAGATGTGAAATCCCAGGGCTTAACCTTGGAACTGCATCTAAAACTGGTGAGCTAGAGTACTAGAGAGGAAAGTAGAATTCTTAGTGTAGCGGTGGAATGCGTAGATATTAAGAGGAATACCAATGGCGAAGGCAACTTTCTGGATAGATACTGACACTGAGGTGCGAAAGCGTGGGGAGCAAACAGG,Coiba_non_upwelling vs Coiba_upwelling,6.59301620048308,1.98726162529728,TRUE
M_dorsalis,Proteobacteria; SAR86 clade.19,TACGGATGGTGCAAGCGTTAATCGGAATTACTGGGCGTAAAGCGCGCGTAGGTGGCATACTAAGTTAGATGTGAAATCCCGGGGCTTAACCTCGGAACTGCATCTAAAACTGGTAAGCTAGAGTACTAGAGAGGAAAGTAGAATTCTTAGTGTAGCGGTGGAATGCGTAGATATTAAGAGGAATACCAATGGCGAAGGCAACTTTCTGGATAGATACTGACACTGAGGTGCGAAAGCGTGGGGAGCAAACAGG,Las_Perlas_upwelling vs Coiba_upwelling,-5.83978314891876,-1.11959259347843,TRUE
M_dorsalis,Proteobacteria; SAR92 clade.3,TACGGAGGGTGCGAGCGTTAATCGGAATTACTGGGCGTAAAGCGCGCGTAGGTGGTTTGATAAGCTAGCTGTGAAAGCCCCGGGCTCAACCTGGGAACTGCAGTTAGAACTGTCTGACTAGAGTACAGTAGAGGGTGGCGGAATTTCCTGTGTAGCGGTGAAATGCGTAGATATAGGAAGGAACATCAGTGGCGAAGGCGGCCACCTGGACTGATACTGACACTGAGGTGCGAAAGCGTGGGGAGCAAACAGG,Las_Perlas_non_upwelling vs Las_Perlas_upwelling,-6.93108174101304,-3.84521157382221,TRUE
M_dorsalis,Proteobacteria; SAR92 clade.3,TACGGAGGGTGCGAGCGTTAATCGGAATTACTGGGCGTAAAGCGCGCGTAGGTGGTTTGATAAGCTAGCTGTGAAAGCCCCGGGCTCAACCTGGGAACTGCAGTTAGAACTGTCTGACTAGAGTACAGTAGAGGGTGGCGGAATTTCCTGTGTAGCGGTGAAATGCGTAGATATAGGAAGGAACATCAGTGGCGAAGGCGGCCACCTGGACTGATACTGACACTGAGGTGCGAAAGCGTGGGGAGCAAACAGG,Las_Perlas_upwelling vs Coiba_upwelling,6.34486615917347,5.07293977035374,TRUE
P_laticlavius,Proteobacteria; SAR92 clade.3,TACGGAGGGTGCGAGCGTTAATCGGAATTACTGGGCGTAAAGCGCGCGTAGGTGGTTTGATAAGCTAGCTGTGAAAGCCCCGGGCTCAACCTGGGAACTGCAGTTAGAACTGTCTGACTAGAGTACAGTAGAGGGTGGCGGAATTTCCTGTGTAGCGGTGAAATGCGTAGATATAGGAAGGAACATCAGTGGCGAAGGCGGCCACCTGGACTGATACTGACACTGAGGTGCGAAAGCGTGGGGAGCAAACAGG,Las_Perlas_non_upwelling vs Las_Perlas_upwelling,-8.19721217520812,-3.84521157382221,TRUE
P_laticlavius,Proteobacteria; SUP05 cluster.1,TACGGAGGGTGCAAGCGTTAATCGGAATTACTGGGCGTAAAGCGTGCGTAGGCGGTTTATTAAGTCAGATGTGAAAGCCCCGGGCTTAACCTGGGAACTGCATTTGAAACTGGTAAACTAGAGTATGGTAGAGGAAAGTGGAATTTCTGGTGTAGCGGTGAAATGCGTAGATATCAGAAGGAACATCAATGGCGAAGGCAGCTTTCTGGACCAATACTGACGCTGAGGTACGAAAGCGTGGGTAGCAAACAGG,Las_Perlas_non_upwelling vs Las_Perlas_upwelling,-7.86573859262538,-5.01435782391702,TRUE
P_laticlavius,Proteobacteria; SUP05 cluster.1,TACGGAGGGTGCAAGCGTTAATCGGAATTACTGGGCGTAAAGCGTGCGTAGGCGGTTTATTAAGTCAGATGTGAAAGCCCCGGGCTTAACCTGGGAACTGCATTTGAAACTGGTAAACTAGAGTATGGTAGAGGAAAGTGGAATTTCTGGTGTAGCGGTGAAATGCGTAGATATCAGAAGGAACATCAATGGCGAAGGCAGCTTTCTGGACCAATACTGACGCTGAGGTACGAAAGCGTGGGTAGCAAACAGG,Las_Perlas_upwelling vs Coiba_upwelling,7.77194718760467,3.57698416451454,TRUE
A_concolor,Proteobacteria; Vibrio.6,TACGGAGGGTGCGAGCGTTAATCGGAATTACTGGGCGTAAAGCGCATGCAGGTGGTTTGTTAAGTCAGATGTGAAAGCCCGGGGCTCAACCTCGGAACTGCATTTGAAACTGGCAAACTAGAGTACTGTAGAGGGGGGTAGAATTTCAGGTGTAGCGGTGAAATGCGTAGAGATCTGAAGGAATACCAGTGGCGAAGGCGGCCCCCTGGACAGATACTGACACTCAGATGCGAAAGCGTGGGGAGCAAACAGG,Las_Perlas_non_upwelling vs Las_Perlas_upwelling,-26.0527957463182,-2.7768712862374,TRUE
A_xanthopterus,Thermoplasmatota; Marine Group II.8,TACCGGCAGCTCAAGTGGTCGTCGCTTTTATTGGGCCTAAAACGTCCGTAGCCTGTTTGGTAAATCTGTGGGTAAATCAACCAGCTTAACTGGTTGAATTCTGCAGAGACTGCCAGACTAGGGACCGGGAGAGGTGTGGGGTACTCTCGGGGTAGGGGTAAAATCCTGTCATCCTGGGAGGACCACCAGTTGCGAAGGCGCCACACTGGAACGGATCCGACGGTCAGGGACGAAGCCTAGGGGCACGAACCGG,Las_Perlas_upwelling vs Coiba_upwelling,6.23116910320515,3.15032833274114,TRUE
C_panamensis,Verrucomicrobiota; Coraliomargarita.2,TACGGAGACTGCAAGCGTTACTCGGATTCACTGGGCGTAAAGGGTGCGTAGGCCGCTAAGTGTGTCAGGTGTGAAATCTCGGGGCTCAACCTCGAAACTGCGCCTGAAACTACTTAGCTTGAGTTTCGGAGAGGTAAGCGGAATTTCTGGTGTAGCGGTGAAATGCGTAGATATCAGAAGGAACACCAATGGCGAAGGCAGCTTACTGGACGACAACTGACGCTGAGGCACGAAAGCGTGGGTAGCGAAAGGG,Las_Perlas_non_upwelling vs Coiba_non_upwelling,7.3535287919207,2.59435306564108,TRUE
P_laticlavius,Verrucomicrobiota; Roseibacillus.1,TACGAAGGTCCCAAGCGTTGTTCGGAATAACTGGGCGTAAAGCGTGTGTAGGCTGCGCGGAAAGTCAAATGTGAAAGCCAAGGGCTCAACCCTTGAACTGCATTCGATACTCCCGTGCTAGAGTAATGGAGAGGTAAGTGGAATTCCTGGTGTAGCAGTGAAATGCGTGGATATCAGGAGGAACATCAATGGCGAAGGCAACTTACTGGACATTTACTGACGCTCAGACACGAAGGCTAGGGGAGCGAAAGGG,Las_Perlas_non_upwelling vs Las_Perlas_upwelling,-7.77863212550379,-9.03794620191044,TRUE
P_laticlavius,Verrucomicrobiota; Roseibacillus.1,TACGAAGGTCCCAAGCGTTGTTCGGAATAACTGGGCGTAAAGCGTGTGTAGGCTGCGCGGAAAGTCAAATGTGAAAGCCAAGGGCTCAACCCTTGAACTGCATTCGATACTCCCGTGCTAGAGTAATGGAGAGGTAAGTGGAATTCCTGGTGTAGCAGTGAAATGCGTGGATATCAGGAGGAACATCAATGGCGAAGGCAACTTACTGGACATTTACTGACGCTCAGACACGAAGGCTAGGGGAGCGAAAGGG,Las_Perlas_upwelling vs Coiba_upwelling,7.68384546613604,3.96183032576253,TRUE
P_laticlavius,Verrucomicrobiota; Roseibacillus.3,TACGAAGGTCCCAAGCGTTGTTCGGAATCACTGGGCGTAAAGCGTGTGTAGGCTGCGCGGAAAGTCAAATGTGAAAGCCCGGGGCTCAACCTCGGAACTGCATTCGATACTCCCGTGCTAGAGTCATGGAGAGGTAAGTGGAATTCCCGGTGTAGCAGTGAAATGCGTGGATATCGGGAGGAACATCAATGGCGAAGGCAACTTACTGGACATGTACTGACGCTCAGACACGAAGGCCAGGGGAGCGAAAGGG,Las_Perlas_non_upwelling vs Las_Perlas_upwelling,-5.56312685681015,-6.44297606500384,TRUE
