"","Kingdom","Phylum","Class","Order","Family","Genus","ASV_ID","ASV_IDa","ASV_IDb","ASV_IDc","ASV"
"ASV_146","Bacteria","Deinococcota","Deinococci","Thermales","Thermaceae","Thermus","ASV_146","Thermus_ASV_146","ASV_146_Thermus","Thermus_146","TACGGAGGGCGCGAGCGTTACCCGGATTCACTGGGCGTAAAGGGCGTGTAGGCGGCCTGGGGCGTCCCATGTGAAAGACCACGGCTCAACCGTGGGGGAGCGTGGGATACGCTCAGGCTAGACGGTGGGAGAGGGTGGTGGAATTCCCGGAGTAGCGGTGAAATGCGCAGATACCGGGAGGAACGCCGATGGCGAAGGCAGCCACCTGGTCCACCCGTGACGCTGAGGCGCGAAAGCGTGGGGAGCAAACCGG"
"ASV_782","Bacteria","Proteobacteria","Gammaproteobacteria","Pseudomonadales","Pseudomonadaceae","Pseudomonas","ASV_782","Pseudomonas_ASV_782","ASV_782_Pseudomonas","Pseudomonas_782","TACAGAGGGTGCAAGCGTTAATCGGAATTACTGGGCGTAAAGCGCGCGTAGGTGGTTTGTTAAGTTGGATGTGAAATCCCCGGGCTCAACCTGGGAACTGCATTCAAAACTGACTGACTAGAGTATGGTAGAGGGTGGTGGAATTTCCTGTGTAGCGGTGAAATGCGTAGATATAGGAAGGAACACCAGTGGCGAAGGCGACCACCTGGACTAATACTGACACTGAGGTGCGAAAGCGTGGGGAGCAAACAGG"
"ASV_785","Bacteria","Proteobacteria","Gammaproteobacteria","Pseudomonadales","Pseudomonadaceae","Pseudomonas","ASV_785","Pseudomonas_ASV_785","ASV_785_Pseudomonas","Pseudomonas_785","TACAGAGGGTGCAAGCGTTAATCGGAATTACTGGGCGTAAAGCGCGCGTAGGTGGTTTGTTAAGTTGGATGTGAAAGCCCCGGGCTCAACCTGGGAACTGCATCCAAAACTGGCAAGCTAGAGTACGGTAGAGGGTGGTGGAATTTCCTGTGTAGCGGTGAAATGCGTAGATATAGGAAGGAACACCAGTGGCGAAGGCGACCACCTGGACTGATACTGACACTGAGGTGCGAAAGCGTGGGGAGCAAACAGG"
"ASV_791","Bacteria","Proteobacteria","Gammaproteobacteria","Pseudomonadales","Pseudomonadaceae","Pseudomonas","ASV_791","Pseudomonas_ASV_791","ASV_791_Pseudomonas","Pseudomonas_791","TACGAAGGGTGCAAGCGTTAATCGGAATTACTGGGCGTAAAGCGCGCGTAGGTGGTTCAGCAAGTTGGATGTGAAATCCCCGGGCTCAACCTGGGAACTGCATCCAAAACTACTGAGCTAGAGTACGGTAGAGGGTGGTGGAATTTCCTGTGTAGCGGTGAAATGCGTAGATATAGGAAGGAACACCAGTGGCGAAGGCGACCACCTGGACTGATACTGACACTGAGGTGCGAAAGCGTGGGGAGCAAACAGG"
"ASV_1076","Bacteria","Proteobacteria","Gammaproteobacteria","Burkholderiales","Comamonadaceae","Tepidimonas","ASV_1076","Tepidimonas_ASV_1076","ASV_1076_Tepidimonas","Tepidimonas_1076","TACGTAGGGTGCGAGCGTTAATCGGAATTACTGGGCGTAAAGCGTGCGCAGGCGGTCTTGTAAGACAGAGGTGAAATCCCTGGGCTCAACCTAGGAATGGCCTTTGTGACTGCAAGGCTGGAGTGCGGCAGAGGGGGATGGAATTCCGCGTGTAGCAGTGAAATGCGTAGATATGCGGAGGAACACCGATGGCGAAGGCAGTCCCCTGGGCCTGCACTGACGCTCATGCACGAAAGCGTGGGGAGCAAACAGG"
"ASV_1095","Bacteria","Proteobacteria","Gammaproteobacteria","Burkholderiales","Burkholderiaceae","Ralstonia","ASV_1095","Ralstonia_ASV_1095","ASV_1095_Ralstonia","Ralstonia_1095","TACGTAGGGTCCAAGCGTTAATCGGAATTACTGGGCGTAAAGCGTGCGCAGGCGGTTGTGCAAGACCGATGTGAAATCCCCGAGCTTAACTTGGGAATTGCATTGGTGACTGCACGGCTAGAGTGTGTCAGAGGGGGGTAGAATTCCACGTGTAGCAGTGAAATGCGTAGAGATGTGGAGGAATACCGATGGCGAAGGCAGCCCCCTGGGATAACACTGACGCTCATGCACGAAAGCGTGGGGAGCAAACAGG"
"ASV_1111","Bacteria","Proteobacteria","Gammaproteobacteria","Enterobacterales","Pseudoalteromonadaceae","Pseudoalteromonas","ASV_1111","Pseudoalteromonas_ASV_1111","ASV_1111_Pseudoalteromonas","Pseudoalteromonas_1111","TACGGAGGGTGCGAGCGTTAATCGGAATTACTGGGCGTAAAGCGTACGCAGGCGGTTTGTTAAGCGAGATGTGAAAGCCCCGGGCTCAACCTGGGAACTGCATTTCGAACTGGCAAACTAGAGTGTGATAGAGGGTGGTAGAATTTCAGGTGTAGCGGTGAAATGCGTAGAGATCTGAAGGAATACCGATGGCGAAGGCAGCCACCTGGGTCAACACTGACGCTCATGTACGAAAGCGTGGGGAGCAAACAGG"
"ASV_1286","Bacteria","Proteobacteria","Gammaproteobacteria","Enterobacterales","Vibrionaceae","Grimontia","ASV_1286","Grimontia_ASV_1286","ASV_1286_Grimontia","Grimontia_1286","TACGGAGGGTGCGAGCGTTAATCGGAATTACTGGGCGTAAAGCGCATGCAGGCGGTCTGTTAAGCAAGATGTGAAAGCCCCGGGCTCAACCTGGGAAAGTCATTTTGAACTGGCAGGCTAGAGTCTTGTAGAGGGGGGTAGAATTTCAGGTGTAGCGGTGAAATGCGTAGAGATCTGAAGGAATACCGGTGGCGAAGGCGGCCCCCTGGACAAAGACTGACGCTCAGATGCGAAAGCGTGGGGAGCAAACAGG"
"ASV_5403","Bacteria","Proteobacteria","Alphaproteobacteria","Sphingomonadales","Sphingomonadaceae","Sphingobium","ASV_5403","Sphingobium_ASV_5403","ASV_5403_Sphingobium","Sphingobium_5403","TACGGAGGGAGCTAGCGTTGTTCGGAATTACTGGGCGTAAAGCGCACGTAGGCGGCTATTCAAGTCAGAGGTGAAAGCCCGGGGCTCAACCCCGGAACTGCCTTTGAAACTAGATAGCTTGAATCCAGGAGAGGTGAGTGGAATTCCGAGTGTAGAGGTGAAATTCGTAGATATTCGGAAGAACACCAGTGGCGAAGGCGGCTCACTGGACTGGTATTGACGCTGAGGTGCGAAAGCGTGGGGAGCAAACAGG"
"ASV_5647","Bacteria","Proteobacteria","Alphaproteobacteria","Rhizobiales","Rhizobiaceae","Allorhizobium-Neorhizobium-Pararhizobium-Rhizobium","ASV_5647","Allorhizobium-Neorhizobium-Pararhizobium-Rhizobium_ASV_5647","ASV_5647_Allorhizobium-Neorhizobium-Pararhizobium-Rhizobium","Allorhizobium-Neorhizobium-Pararhizobium-Rhizobium_5647","TACGAAGGGGGCTAGCGTTGTTCGGAATTACTGGGCGTAAAGCGCACGTAGGCGGATATTTAAGTCAGGGGTGAAATCCCAGAGCTCAACTCTGGAACTGCCTTTGATACTGGGTATCTTGAGTATGGAAGAGGTAAGTGGAATTCCGAGTGTAGAGGTGAAATTCGTAGATATTCGGAGGAACACCAGTGGCGAAGGCGGCTTACTGGTCCATTACTGACGCTGAGGTGCGAAAGCGTGGGGAGCAAACAGG"
"ASV_5738","Bacteria","Proteobacteria","Alphaproteobacteria","Rhizobiales","Rhizobiaceae","Phyllobacterium","ASV_5738","Phyllobacterium_ASV_5738","ASV_5738_Phyllobacterium","Phyllobacterium_5738","TACGAAGGGGGCTAGCGTTGTTCGGATTTACTGGGCGTAAAGCGCACGTAGGCGGACTATTAAGTCAGGGGTGAAATCCCGGGGCTCAACCCCGGAACTGCCTTTGATACTGGTAGTCTTGAGTTCGAGAGAGGTGAGTGGAATTCCGAGTGTAGAGGTGAAATTCGTAGATATTCGGAGGAACACCAGTGGCGAAGGCGGCTCACTGGCTCGATACTGACGCTGAGGTGCGAAAGCGTGGGGAGCAAACAGG"
"ASV_6119","Bacteria","Proteobacteria","Alphaproteobacteria","Rickettsiales","Anaplasmataceae","Wolbachia","ASV_6119","Wolbachia_ASV_6119","ASV_6119_Wolbachia","Wolbachia_6119","TACGGAGAGGGCTAGCGTTATTCGGAATTATTGGGCGTAAAGAGCGCGTAGGCTGATTAGTAAGTTAAGAGTGAAATCCCAGAGCTCAACTTTGGAATTGCTTTTAAAACTGCTAATCTAGAGATTGAAAGAGGATAGAGGAATTCCTAGTGTAGAGGTGAAATTCGTAAATATTAGGAGGAACACCAGTGGCGAAGGCGTCTATCTGGTTCAAATCTGACGCTGATGCGCGAAGGCGTGGGGAGCAAACAGG"
